f39a63aecedfd841b4ba03191736c196362930a7,2016-04-01T14:54:03Z,Ten Nascimento,.gitignore,ADD
2b299e61160db26b5af48a750a0de3b1f57b2df0,2016-03-31T11:01:07Z,Administrator,/dev/null,DELETE
9d9a5d30d9079cb8ad3672b4e47af147d3353642,2008-06-10T14:19:09Z,felipe,UEP/Base/x86/o/configs/padrao,ADD
9d9a5d30d9079cb8ad3672b4e47af147d3353642,2008-06-10T14:19:09Z,felipe,UEP/Base/x86/o/configs/teste123,ADD
9d9a5d30d9079cb8ad3672b4e47af147d3353642,2008-06-10T14:19:09Z,felipe,UEP/Base/x86/o/configs/teste2,ADD
9d9a5d30d9079cb8ad3672b4e47af147d3353642,2008-06-10T14:19:09Z,felipe,UVG/Apoio/CasoTeste1/testaRM,MODIFY
9d9a5d30d9079cb8ad3672b4e47af147d3353642,2008-06-10T14:19:09Z,felipe,UVG/Base/abapp.dfn,MODIFY
9d9a5d30d9079cb8ad3672b4e47af147d3353642,2008-06-10T14:19:09Z,felipe,UVG/Base/abapp.wsp,MODIFY
9d9a5d30d9079cb8ad3672b4e47af147d3353642,2008-06-10T14:19:09Z,felipe,UVG/Base/src/ConsEng2.cc,MODIFY
9d9a5d30d9079cb8ad3672b4e47af147d3353642,2008-06-10T14:19:09Z,felipe,UVG/Base/src/GerenciadorGrf.cc,MODIFY
9d9a5d30d9079cb8ad3672b4e47af147d3353642,2008-06-10T14:19:09Z,felipe,UVG/Base/src/abdefine.h,MODIFY
9d9a5d30d9079cb8ad3672b4e47af147d3353642,2008-06-10T14:19:09Z,felipe,UVG/Base/src/abvars.h,MODIFY
9d9a5d30d9079cb8ad3672b4e47af147d3353642,2008-06-10T14:19:09Z,felipe,UVG/Base/src/interf.cc,MODIFY
9d9a5d30d9079cb8ad3672b4e47af147d3353642,2008-06-10T14:19:09Z,felipe,UVG/Base/src/interf.h,MODIFY
9d9a5d30d9079cb8ad3672b4e47af147d3353642,2008-06-10T14:19:09Z,felipe,UVG/Base/wgt/base.wgtw,MODIFY
9d9a5d30d9079cb8ad3672b4e47af147d3353642,2008-06-10T14:19:09Z,felipe,UVG/Base/x86/o/Base,MODIFY
9d9a5d30d9079cb8ad3672b4e47af147d3353642,2008-06-10T14:19:09Z,felipe,UVG/Base/x86/o/ListaOpGrf.dat,MODIFY
9d9a5d30d9079cb8ad3672b4e47af147d3353642,2008-06-10T14:19:09Z,felipe,UVG/Base/x86/o/tabelaAloc.dat,MODIFY
720fc03cb8ab4a2b0e19e52dae9e6c18dcb3bae0,2008-06-09T23:35:42Z,felipe,VA/Apoio/LoggerRM/loggerRM.c,MODIFY
720fc03cb8ab4a2b0e19e52dae9e6c18dcb3bae0,2008-06-09T23:35:42Z,felipe,VA/Apoio/Makefile,MODIFY
720fc03cb8ab4a2b0e19e52dae9e6c18dcb3bae0,2008-06-09T23:35:42Z,felipe,VA/Apoio/Teste/ComponenteDnav/Caso1/Makefile,ADD
720fc03cb8ab4a2b0e19e52dae9e6c18dcb3bae0,2008-06-09T23:35:42Z,felipe,VA/Apoio/Teste/ComponenteDnav/Caso1/ambiente.sh,ADD
720fc03cb8ab4a2b0e19e52dae9e6c18dcb3bae0,2008-06-09T23:35:42Z,felipe,VA/Apoio/Teste/ComponenteDnav/Caso1/ambientepc104.sh,ADD
720fc03cb8ab4a2b0e19e52dae9e6c18dcb3bae0,2008-06-09T23:35:42Z,felipe,VA/Apoio/Teste/ComponenteDnav/Caso1/gerenteBarramentoST.c,ADD
720fc03cb8ab4a2b0e19e52dae9e6c18dcb3bae0,2008-06-09T23:35:42Z,felipe,VA/Apoio/Teste/ComponenteDnav/Caso1/gerenteExecutaveisST.cc,ADD
720fc03cb8ab4a2b0e19e52dae9e6c18dcb3bae0,2008-06-09T23:35:42Z,felipe,VA/Apoio/Teste/ComponenteDnav/Caso1/interfDNAVST.cc,ADD
720fc03cb8ab4a2b0e19e52dae9e6c18dcb3bae0,2008-06-09T23:35:42Z,felipe,VA/Apoio/Teste/ComponenteDnav/Caso1/interfDNAVST.h,ADD
720fc03cb8ab4a2b0e19e52dae9e6c18dcb3bae0,2008-06-09T23:35:42Z,felipe,VA/Apoio/Teste/ComponenteDnav/Caso1/processadorVAST.cc,ADD
720fc03cb8ab4a2b0e19e52dae9e6c18dcb3bae0,2008-06-09T23:35:42Z,felipe,VA/Apoio/Teste/ComponenteDnav/Caso2/Makefile,ADD
720fc03cb8ab4a2b0e19e52dae9e6c18dcb3bae0,2008-06-09T23:35:42Z,felipe,VA/Apoio/Teste/ComponenteDnav/Caso2/ambiente.sh,ADD
720fc03cb8ab4a2b0e19e52dae9e6c18dcb3bae0,2008-06-09T23:35:42Z,felipe,VA/Apoio/Teste/ComponenteDnav/Caso2/ambientepc104.sh,ADD
720fc03cb8ab4a2b0e19e52dae9e6c18dcb3bae0,2008-06-09T23:35:42Z,felipe,VA/Apoio/Teste/ComponenteDnav/Caso2/gerenteBarramentoST.c,ADD
720fc03cb8ab4a2b0e19e52dae9e6c18dcb3bae0,2008-06-09T23:35:42Z,felipe,VA/Apoio/Teste/ComponenteDnav/Caso2/gerenteExecutaveisST.cc,ADD
720fc03cb8ab4a2b0e19e52dae9e6c18dcb3bae0,2008-06-09T23:35:42Z,felipe,VA/Apoio/Teste/ComponenteDnav/Caso2/interfDNAVST.cc,ADD
720fc03cb8ab4a2b0e19e52dae9e6c18dcb3bae0,2008-06-09T23:35:42Z,felipe,VA/Apoio/Teste/ComponenteDnav/Caso2/interfDNAVST.h,ADD
720fc03cb8ab4a2b0e19e52dae9e6c18dcb3bae0,2008-06-09T23:35:42Z,felipe,VA/Apoio/Teste/ComponenteDnav/Caso2/processadorVAST.cc,ADD
720fc03cb8ab4a2b0e19e52dae9e6c18dcb3bae0,2008-06-09T23:35:42Z,felipe,VA/Apoio/Teste/ComponenteDnav/Makefile,ADD
720fc03cb8ab4a2b0e19e52dae9e6c18dcb3bae0,2008-06-09T23:35:42Z,felipe,VA/Apoio/Teste/ComponenteUda/Caso1/Makefile,ADD
720fc03cb8ab4a2b0e19e52dae9e6c18dcb3bae0,2008-06-09T23:35:42Z,felipe,VA/Apoio/Teste/ComponenteUda/Caso1/ambiente.sh,ADD
720fc03cb8ab4a2b0e19e52dae9e6c18dcb3bae0,2008-06-09T23:35:42Z,felipe,VA/Apoio/Teste/ComponenteUda/Caso1/ambientepc104.sh,ADD
720fc03cb8ab4a2b0e19e52dae9e6c18dcb3bae0,2008-06-09T23:35:42Z,felipe,VA/Apoio/Teste/ComponenteUda/Caso1/gerenteBarramentoST.c,ADD
720fc03cb8ab4a2b0e19e52dae9e6c18dcb3bae0,2008-06-09T23:35:42Z,felipe,VA/Apoio/Teste/ComponenteUda/Caso1/gerenteExecutaveisST.cc,ADD
720fc03cb8ab4a2b0e19e52dae9e6c18dcb3bae0,2008-06-09T23:35:42Z,felipe,VA/Apoio/Teste/ComponenteUda/Caso1/interfUDAST.cc,ADD
720fc03cb8ab4a2b0e19e52dae9e6c18dcb3bae0,2008-06-09T23:35:42Z,felipe,VA/Apoio/Teste/ComponenteUda/Caso1/interfUDAST.h,ADD
720fc03cb8ab4a2b0e19e52dae9e6c18dcb3bae0,2008-06-09T23:35:42Z,felipe,VA/Apoio/Teste/ComponenteUda/Caso1/processadorVAST.cc,ADD
720fc03cb8ab4a2b0e19e52dae9e6c18dcb3bae0,2008-06-09T23:35:42Z,felipe,VA/Apoio/Teste/ComponenteUda/Caso2/Makefile,ADD
720fc03cb8ab4a2b0e19e52dae9e6c18dcb3bae0,2008-06-09T23:35:42Z,felipe,VA/Apoio/Teste/ComponenteUda/Caso2/ambiente.sh,ADD
720fc03cb8ab4a2b0e19e52dae9e6c18dcb3bae0,2008-06-09T23:35:42Z,felipe,VA/Apoio/Teste/ComponenteUda/Caso2/ambientepc104.sh,ADD
720fc03cb8ab4a2b0e19e52dae9e6c18dcb3bae0,2008-06-09T23:35:42Z,felipe,VA/Apoio/Teste/ComponenteUda/Caso2/gerenteBarramentoST.c,ADD
720fc03cb8ab4a2b0e19e52dae9e6c18dcb3bae0,2008-06-09T23:35:42Z,felipe,VA/Apoio/Teste/ComponenteUda/Caso2/gerenteExecutaveisST.cc,ADD
720fc03cb8ab4a2b0e19e52dae9e6c18dcb3bae0,2008-06-09T23:35:42Z,felipe,VA/Apoio/Teste/ComponenteUda/Caso2/interfUDAST.cc,ADD
720fc03cb8ab4a2b0e19e52dae9e6c18dcb3bae0,2008-06-09T23:35:42Z,felipe,VA/Apoio/Teste/ComponenteUda/Caso2/interfUDAST.h,ADD
720fc03cb8ab4a2b0e19e52dae9e6c18dcb3bae0,2008-06-09T23:35:42Z,felipe,VA/Apoio/Teste/ComponenteUda/Caso2/processadorVAST.cc,ADD
720fc03cb8ab4a2b0e19e52dae9e6c18dcb3bae0,2008-06-09T23:35:42Z,felipe,VA/Apoio/Teste/ComponenteUda/Makefile,ADD
720fc03cb8ab4a2b0e19e52dae9e6c18dcb3bae0,2008-06-09T23:35:42Z,felipe,VA/Apoio/Teste/Makefile,MODIFY
720fc03cb8ab4a2b0e19e52dae9e6c18dcb3bae0,2008-06-09T23:35:42Z,felipe,VA/Base/ProcessadorVA/gerenteMsg.cc,MODIFY
720fc03cb8ab4a2b0e19e52dae9e6c18dcb3bae0,2008-06-09T23:35:42Z,felipe,VA/RM/GB/dnavRM.c,MODIFY
f063d5edd5a24a862f20a7b80af586653b6d4ebd,2008-06-09T23:26:09Z,felipe,VA/Apoio/Teste/ComponenteGps/Caso1/Makefile,ADD
f063d5edd5a24a862f20a7b80af586653b6d4ebd,2008-06-09T23:26:09Z,felipe,VA/Apoio/Teste/ComponenteGps/Caso1/ambiente.sh,ADD
f063d5edd5a24a862f20a7b80af586653b6d4ebd,2008-06-09T23:26:09Z,felipe,VA/Apoio/Teste/ComponenteGps/Caso1/ambientepc104.sh,ADD
f063d5edd5a24a862f20a7b80af586653b6d4ebd,2008-06-09T23:26:09Z,felipe,VA/Apoio/Teste/ComponenteGps/Caso1/gerenteBarramentoST.c,ADD
f063d5edd5a24a862f20a7b80af586653b6d4ebd,2008-06-09T23:26:09Z,felipe,VA/Apoio/Teste/ComponenteGps/Caso1/gerenteExecutaveisST.cc,ADD
f063d5edd5a24a862f20a7b80af586653b6d4ebd,2008-06-09T23:26:09Z,felipe,VA/Apoio/Teste/ComponenteGps/Caso1/interfGPSST.cc,ADD
f063d5edd5a24a862f20a7b80af586653b6d4ebd,2008-06-09T23:26:09Z,felipe,VA/Apoio/Teste/ComponenteGps/Caso1/interfGPSST.h,ADD
f063d5edd5a24a862f20a7b80af586653b6d4ebd,2008-06-09T23:26:09Z,felipe,VA/Apoio/Teste/ComponenteGps/Caso1/processadorVAST.cc,ADD
f063d5edd5a24a862f20a7b80af586653b6d4ebd,2008-06-09T23:26:09Z,felipe,VA/Apoio/Teste/ComponenteGps/Caso2/Makefile,ADD
f063d5edd5a24a862f20a7b80af586653b6d4ebd,2008-06-09T23:26:09Z,felipe,VA/Apoio/Teste/ComponenteGps/Caso2/ambiente.sh,ADD
f063d5edd5a24a862f20a7b80af586653b6d4ebd,2008-06-09T23:26:09Z,felipe,VA/Apoio/Teste/ComponenteGps/Caso2/ambientepc104.sh,ADD
f063d5edd5a24a862f20a7b80af586653b6d4ebd,2008-06-09T23:26:09Z,felipe,VA/Apoio/Teste/ComponenteGps/Caso2/gerenteBarramentoST.c,ADD
f063d5edd5a24a862f20a7b80af586653b6d4ebd,2008-06-09T23:26:09Z,felipe,VA/Apoio/Teste/ComponenteGps/Caso2/gerenteExecutaveisST.cc,ADD
f063d5edd5a24a862f20a7b80af586653b6d4ebd,2008-06-09T23:26:09Z,felipe,VA/Apoio/Teste/ComponenteGps/Caso2/interfGPSST.cc,ADD
f063d5edd5a24a862f20a7b80af586653b6d4ebd,2008-06-09T23:26:09Z,felipe,VA/Apoio/Teste/ComponenteGps/Caso2/interfGPSST.h,ADD
f063d5edd5a24a862f20a7b80af586653b6d4ebd,2008-06-09T23:26:09Z,felipe,VA/Apoio/Teste/ComponenteGps/Caso2/processadorVAST.cc,ADD
f063d5edd5a24a862f20a7b80af586653b6d4ebd,2008-06-09T23:26:09Z,felipe,VA/Apoio/Teste/ComponenteGps/Makefile,ADD
be557f9f33c20488d5a53934ca9d03c6d31d5fbc,2008-05-28T04:04:43Z,felipe,VA/Apoio/LoggerBinRM/Makefile,ADD
be557f9f33c20488d5a53934ca9d03c6d31d5fbc,2008-05-28T04:04:43Z,felipe,VA/Apoio/LoggerBinRM/libloggerbin.c,ADD
be557f9f33c20488d5a53934ca9d03c6d31d5fbc,2008-05-28T04:04:43Z,felipe,VA/Apoio/LoggerBinRM/libloggerbin.h,ADD
be557f9f33c20488d5a53934ca9d03c6d31d5fbc,2008-05-28T04:04:43Z,felipe,VA/Apoio/LoggerBinRM/loggerbin.cc,ADD
be557f9f33c20488d5a53934ca9d03c6d31d5fbc,2008-05-28T04:04:43Z,felipe,VA/Apoio/LoggerBinRM/loggerbin.h,ADD
be557f9f33c20488d5a53934ca9d03c6d31d5fbc,2008-05-28T04:04:43Z,felipe,VA/Apoio/LoggerBinRM/loggerbinRM.c,ADD
be557f9f33c20488d5a53934ca9d03c6d31d5fbc,2008-05-28T04:04:43Z,felipe,VA/Apoio/LoggerBinRM/loggerbinRM.h,ADD
be557f9f33c20488d5a53934ca9d03c6d31d5fbc,2008-05-28T04:04:43Z,felipe,VA/Apoio/Sniffer/Makefile,ADD
be557f9f33c20488d5a53934ca9d03c6d31d5fbc,2008-05-28T04:04:43Z,felipe,VA/Apoio/Sniffer/ambiente.sh,ADD
be557f9f33c20488d5a53934ca9d03c6d31d5fbc,2008-05-28T04:04:43Z,felipe,VA/Apoio/Sniffer/ascii,ADD
be557f9f33c20488d5a53934ca9d03c6d31d5fbc,2008-05-28T04:04:43Z,felipe,VA/Apoio/Sniffer/ascii.c,ADD
be557f9f33c20488d5a53934ca9d03c6d31d5fbc,2008-05-28T04:04:43Z,felipe,VA/Apoio/Sniffer/finaliza,ADD
be557f9f33c20488d5a53934ca9d03c6d31d5fbc,2008-05-28T04:04:43Z,felipe,VA/Apoio/Sniffer/finaliza.c,ADD
be557f9f33c20488d5a53934ca9d03c6d31d5fbc,2008-05-28T04:04:43Z,felipe,VA/Apoio/Sniffer/sniffer.c,ADD
be557f9f33c20488d5a53934ca9d03c6d31d5fbc,2008-05-28T04:04:43Z,felipe,VA/Apoio/Teste/ComponenteCanPosix/ComponenteCanPosixDachs/Caso1/Makefile,ADD
be557f9f33c20488d5a53934ca9d03c6d31d5fbc,2008-05-28T04:04:43Z,felipe,VA/Apoio/Teste/ComponenteCanPosix/ComponenteCanPosixDachs/Caso1/ambiente.sh,ADD
be557f9f33c20488d5a53934ca9d03c6d31d5fbc,2008-05-28T04:04:43Z,felipe,VA/Apoio/Teste/ComponenteCanPosix/ComponenteCanPosixDachs/Caso1/dachsST.c,ADD
be557f9f33c20488d5a53934ca9d03c6d31d5fbc,2008-05-28T04:04:43Z,felipe,VA/Apoio/Teste/ComponenteCanPosix/ComponenteCanPosixDachs/Caso1/gerenteBarramentoST.c,ADD
be557f9f33c20488d5a53934ca9d03c6d31d5fbc,2008-05-28T04:04:43Z,felipe,VA/Apoio/Teste/ComponenteCanPosix/ComponenteCanPosixDachs/Caso1/gerenteExecutaveisST.cc,ADD
be557f9f33c20488d5a53934ca9d03c6d31d5fbc,2008-05-28T04:04:43Z,felipe,VA/Apoio/Teste/ComponenteCanPosix/ComponenteCanPosixDachs/Caso2/Makefile,ADD
be557f9f33c20488d5a53934ca9d03c6d31d5fbc,2008-05-28T04:04:43Z,felipe,VA/Apoio/Teste/ComponenteCanPosix/ComponenteCanPosixDachs/Caso2/ambiente.sh,ADD
be557f9f33c20488d5a53934ca9d03c6d31d5fbc,2008-05-28T04:04:43Z,felipe,VA/Apoio/Teste/ComponenteCanPosix/ComponenteCanPosixDachs/Caso2/dachsST.c,ADD
be557f9f33c20488d5a53934ca9d03c6d31d5fbc,2008-05-28T04:04:43Z,felipe,VA/Apoio/Teste/ComponenteCanPosix/ComponenteCanPosixDachs/Caso2/gerenteBarramentoST.c,ADD
be557f9f33c20488d5a53934ca9d03c6d31d5fbc,2008-05-28T04:04:43Z,felipe,VA/Apoio/Teste/ComponenteCanPosix/ComponenteCanPosixDachs/Caso2/gerenteExecutaveisST.cc,ADD
be557f9f33c20488d5a53934ca9d03c6d31d5fbc,2008-05-28T04:04:43Z,felipe,VA/Apoio/Teste/ComponenteCanPosix/ComponenteCanPosixDachs/Makefile,ADD
be557f9f33c20488d5a53934ca9d03c6d31d5fbc,2008-05-28T04:04:43Z,felipe,VA/Apoio/Teste/ComponenteCanPosix/ComponenteCanPosixJanus/Caso1/Makefile,ADD
be557f9f33c20488d5a53934ca9d03c6d31d5fbc,2008-05-28T04:04:43Z,felipe,VA/Apoio/Teste/ComponenteCanPosix/ComponenteCanPosixJanus/Caso1/ambiente.sh,ADD
be557f9f33c20488d5a53934ca9d03c6d31d5fbc,2008-05-28T04:04:43Z,felipe,VA/Apoio/Teste/ComponenteCanPosix/ComponenteCanPosixJanus/Caso1/gerenteBarramentoST.c,ADD
be557f9f33c20488d5a53934ca9d03c6d31d5fbc,2008-05-28T04:04:43Z,felipe,VA/Apoio/Teste/ComponenteCanPosix/ComponenteCanPosixJanus/Caso1/gerenteExecutaveisST.cc,ADD
be557f9f33c20488d5a53934ca9d03c6d31d5fbc,2008-05-28T04:04:43Z,felipe,VA/Apoio/Teste/ComponenteCanPosix/ComponenteCanPosixJanus/Caso1/janusST.c,ADD
be557f9f33c20488d5a53934ca9d03c6d31d5fbc,2008-05-28T04:04:43Z,felipe,VA/Apoio/Teste/ComponenteCanPosix/ComponenteCanPosixJanus/Caso1/libsrdcan.c,ADD
be557f9f33c20488d5a53934ca9d03c6d31d5fbc,2008-05-28T04:04:43Z,felipe,VA/Apoio/Teste/ComponenteCanPosix/ComponenteCanPosixJanus/Caso1/libsrdcan.h,ADD
be557f9f33c20488d5a53934ca9d03c6d31d5fbc,2008-05-28T04:04:43Z,felipe,VA/Apoio/Teste/ComponenteCanPosix/ComponenteCanPosixJanus/Caso1/rodateste.sh,ADD
be557f9f33c20488d5a53934ca9d03c6d31d5fbc,2008-05-28T04:04:43Z,felipe,VA/Apoio/Teste/ComponenteCanPosix/ComponenteCanPosixJanus/Caso2/Makefile,ADD
be557f9f33c20488d5a53934ca9d03c6d31d5fbc,2008-05-28T04:04:43Z,felipe,VA/Apoio/Teste/ComponenteCanPosix/ComponenteCanPosixJanus/Caso2/ambiente.sh,ADD
be557f9f33c20488d5a53934ca9d03c6d31d5fbc,2008-05-28T04:04:43Z,felipe,VA/Apoio/Teste/ComponenteCanPosix/ComponenteCanPosixJanus/Caso2/gerenteBarramentoST.c,ADD
be557f9f33c20488d5a53934ca9d03c6d31d5fbc,2008-05-28T04:04:43Z,felipe,VA/Apoio/Teste/ComponenteCanPosix/ComponenteCanPosixJanus/Caso2/gerenteExecutaveisST.cc,ADD
be557f9f33c20488d5a53934ca9d03c6d31d5fbc,2008-05-28T04:04:43Z,felipe,VA/Apoio/Teste/ComponenteCanPosix/ComponenteCanPosixJanus/Caso2/janusST.c,ADD
be557f9f33c20488d5a53934ca9d03c6d31d5fbc,2008-05-28T04:04:43Z,felipe,VA/Apoio/Teste/ComponenteCanPosix/ComponenteCanPosixJanus/Caso2/libsrdcan.c,ADD
be557f9f33c20488d5a53934ca9d03c6d31d5fbc,2008-05-28T04:04:43Z,felipe,VA/Apoio/Teste/ComponenteCanPosix/ComponenteCanPosixJanus/Caso2/libsrdcan.h,ADD
be557f9f33c20488d5a53934ca9d03c6d31d5fbc,2008-05-28T04:04:43Z,felipe,VA/Apoio/Teste/ComponenteCanPosix/ComponenteCanPosixJanus/Caso2/rodateste.sh,ADD
be557f9f33c20488d5a53934ca9d03c6d31d5fbc,2008-05-28T04:04:43Z,felipe,VA/Apoio/Teste/ComponenteCanPosix/ComponenteCanPosixJanus/Makefile,ADD
be557f9f33c20488d5a53934ca9d03c6d31d5fbc,2008-05-28T04:04:43Z,felipe,VA/Apoio/Teste/ComponenteCanPosix/Makefile,ADD
be557f9f33c20488d5a53934ca9d03c6d31d5fbc,2008-05-28T04:04:43Z,felipe,VA/Apoio/Teste/ComponenteCanPosix/make.rules,ADD
64666eb023578f5620a83d1dcdd3979f024aa1a4,2008-05-28T03:13:11Z,felipe,VA/Apoio/Janus/devcan-janus,ADD
64666eb023578f5620a83d1dcdd3979f024aa1a4,2008-05-28T03:13:11Z,felipe,VA/Apoio/Steinhoff/0006D5109A35,ADD
64666eb023578f5620a83d1dcdd3979f024aa1a4,2008-05-28T03:13:11Z,felipe,VA/Apoio/Steinhoff/CAN.a,ADD
64666eb023578f5620a83d1dcdd3979f024aa1a4,2008-05-28T03:13:11Z,felipe,VA/Apoio/Steinhoff/can,ADD
64666eb023578f5620a83d1dcdd3979f024aa1a4,2008-05-28T03:13:11Z,felipe,VA/Apoio/Steinhoff/candef.h,ADD
64666eb023578f5620a83d1dcdd3979f024aa1a4,2008-05-28T03:13:11Z,felipe,VA/Apoio/Steinhoff/canext.h,ADD
64666eb023578f5620a83d1dcdd3979f024aa1a4,2008-05-28T03:13:11Z,felipe,VA/Apoio/Steinhoff/canglob.h,ADD
64666eb023578f5620a83d1dcdd3979f024aa1a4,2008-05-28T03:13:11Z,felipe,VA/Apoio/Steinhoff/canstr.h,ADD
64666eb023578f5620a83d1dcdd3979f024aa1a4,2008-05-28T03:13:11Z,felipe,VA/Apoio/Steinhoff/canstr2.h,ADD
64666eb023578f5620a83d1dcdd3979f024aa1a4,2008-05-28T03:13:11Z,felipe,VA/Base/GerenteExecutaveis/gerenteExecutaveis.cc,MODIFY
64666eb023578f5620a83d1dcdd3979f024aa1a4,2008-05-28T03:13:11Z,felipe,VA/Base/GerenteExecutaveis/gerenteExecutaveis.h,MODIFY
64666eb023578f5620a83d1dcdd3979f024aa1a4,2008-05-28T03:13:11Z,felipe,VA/Config/CanFixoAcaua,MODIFY
64666eb023578f5620a83d1dcdd3979f024aa1a4,2008-05-28T03:13:11Z,felipe,VA/RM/GB/canPosixJanusRM_thread.c,ADD
64666eb023578f5620a83d1dcdd3979f024aa1a4,2008-05-28T03:13:11Z,felipe,VA/RM/GB/canPosixJanusRM_thread.h,ADD
488b8444f69d359789255787c0c06ed1f73ca384,2008-05-28T00:02:56Z,felipe,VA/Apoio/Teste/IntegracaoEsoloVAHardware/canPosixSteinhoffST.c,ADD
488b8444f69d359789255787c0c06ed1f73ca384,2008-05-28T00:02:56Z,felipe,VA/Apoio/Teste/IntegracaoEsoloVAHardware/canPosixSteinhoffST.h,ADD
488b8444f69d359789255787c0c06ed1f73ca384,2008-05-28T00:02:56Z,felipe,VA/Apoio/Teste/IntegracaoVAHardware/Makefile,ADD
488b8444f69d359789255787c0c06ed1f73ca384,2008-05-28T00:02:56Z,felipe,VA/Apoio/Teste/IntegracaoVAHardware/ambiente.sh,ADD
488b8444f69d359789255787c0c06ed1f73ca384,2008-05-28T00:02:56Z,felipe,VA/Apoio/Teste/IntegracaoVAHardware/processadorLinkDadosST.cc,ADD
488b8444f69d359789255787c0c06ed1f73ca384,2008-05-28T00:02:56Z,felipe,VA/Apoio/Teste/IntegracaoVAHardware/processadorLinkDadosST.h,ADD
488b8444f69d359789255787c0c06ed1f73ca384,2008-05-28T00:02:56Z,felipe,VA/Base/Biblioteca/canaerospace.c,MODIFY
488b8444f69d359789255787c0c06ed1f73ca384,2008-05-28T00:02:56Z,felipe,VA/Base/Biblioteca/canaerospace.h,MODIFY
488b8444f69d359789255787c0c06ed1f73ca384,2008-05-28T00:02:56Z,felipe,VA/Base/Biblioteca/libsrdcan.a,MODIFY
488b8444f69d359789255787c0c06ed1f73ca384,2008-05-28T00:02:56Z,felipe,VA/Base/Biblioteca/srdcan.h,MODIFY
488b8444f69d359789255787c0c06ed1f73ca384,2008-05-28T00:02:56Z,felipe,VA/Base/Biblioteca/vA.h,MODIFY
488b8444f69d359789255787c0c06ed1f73ca384,2008-05-28T00:02:56Z,felipe,VA/Config/CanFixoAcauaOriginal,ADD
a4062e786e082150768a1a5d6f3c360ac4cbc1bb,2008-05-27T23:49:07Z,felipe,VA/Apoio/LoggerRM/loggerRM.c,MODIFY
a4062e786e082150768a1a5d6f3c360ac4cbc1bb,2008-05-27T23:49:07Z,felipe,VA/Apoio/Makefile,MODIFY
a4062e786e082150768a1a5d6f3c360ac4cbc1bb,2008-05-27T23:49:07Z,felipe,VA/Apoio/Teste/IntegracaoEsoloVAHardware/Makefile,MODIFY
a4062e786e082150768a1a5d6f3c360ac4cbc1bb,2008-05-27T23:49:07Z,felipe,VA/Apoio/Teste/IntegracaoEsoloVAHardware/canPosixJanusST.c,MODIFY
a4062e786e082150768a1a5d6f3c360ac4cbc1bb,2008-05-27T23:49:07Z,felipe,VA/Apoio/Teste/IntegracaoEsoloVAHardware/canPosixJanusST.h,MODIFY
a4062e786e082150768a1a5d6f3c360ac4cbc1bb,2008-05-27T23:49:07Z,felipe,VA/Apoio/Teste/IntegracaoEsoloVAHardware/micanRadioST.c,MODIFY
a4062e786e082150768a1a5d6f3c360ac4cbc1bb,2008-05-27T23:49:07Z,felipe,VA/Apoio/Teste/IntegracaoEsoloVAHardware/micanRadioST.h,MODIFY
a4062e786e082150768a1a5d6f3c360ac4cbc1bb,2008-05-27T23:49:07Z,felipe,VA/Apoio/Teste/Makefile,MODIFY
a4062e786e082150768a1a5d6f3c360ac4cbc1bb,2008-05-27T23:49:07Z,felipe,VA/Apoio/ambiente.sh,MODIFY
a4062e786e082150768a1a5d6f3c360ac4cbc1bb,2008-05-27T23:49:07Z,felipe,VA/Apoio/ambienteinthw.sh,MODIFY
24eb5e1209f069c1aeaad35ec5d20a298bb2502b,2008-03-25T21:33:32Z,felipe,UCV/RM/FutabaQNX/leFutaba.c,ADD
9399cc7fb792caa5509ee3c9e9cc31ee13ba11f3,2008-03-24T21:08:58Z,felipe,UCV/RM/FutabaQNX/Makefile,ADD
9399cc7fb792caa5509ee3c9e9cc31ee13ba11f3,2008-03-24T21:08:58Z,felipe,UCV/RM/FutabaQNX/buffer.c,ADD
9399cc7fb792caa5509ee3c9e9cc31ee13ba11f3,2008-03-24T21:08:58Z,felipe,UCV/RM/FutabaQNX/futaba.h,ADD
9399cc7fb792caa5509ee3c9e9cc31ee13ba11f3,2008-03-24T21:08:58Z,felipe,UCV/RM/FutabaQNX/futabaRM.c,ADD
9399cc7fb792caa5509ee3c9e9cc31ee13ba11f3,2008-03-24T21:08:58Z,felipe,UCV/RM/FutabaQNX/futabaRM.h,ADD
e6147e003c38438b3f78f5bc9400c9a3ca77cf84,2008-02-08T10:51:31Z,felipe,UVG/Apoio/CasoTeste1/testaRM.cc,MODIFY
e6147e003c38438b3f78f5bc9400c9a3ca77cf84,2008-02-08T10:51:31Z,felipe,UVG/Base/src/GerenciadorGrf.cc,MODIFY
e6147e003c38438b3f78f5bc9400c9a3ca77cf84,2008-02-08T10:51:31Z,felipe,UVG/Base/src/GerenciadorGrf.h,MODIFY
e6147e003c38438b3f78f5bc9400c9a3ca77cf84,2008-02-08T10:51:31Z,felipe,UVG/Base/src/NomeGrafico.h,MODIFY
e6147e003c38438b3f78f5bc9400c9a3ca77cf84,2008-02-08T10:51:31Z,felipe,UVG/Base/src/TabSelecao.cc,MODIFY
e6147e003c38438b3f78f5bc9400c9a3ca77cf84,2008-02-08T10:51:31Z,felipe,UVG/Base/src/TabSelecao.h,MODIFY
e6147e003c38438b3f78f5bc9400c9a3ca77cf84,2008-02-08T10:51:31Z,felipe,UVG/Base/src/interf.cc,MODIFY
e6147e003c38438b3f78f5bc9400c9a3ca77cf84,2008-02-08T10:51:31Z,felipe,UVG/Base/src/interf.h,MODIFY
e6147e003c38438b3f78f5bc9400c9a3ca77cf84,2008-02-08T10:51:31Z,felipe,UVG/Base/src/mensagensMAGS.h,MODIFY
e6147e003c38438b3f78f5bc9400c9a3ca77cf84,2008-02-08T10:51:31Z,felipe,/dev/null,DELETE
e6147e003c38438b3f78f5bc9400c9a3ca77cf84,2008-02-08T10:51:31Z,felipe,UVG/Base/src/relogioUVG.cc,RENAME
e6147e003c38438b3f78f5bc9400c9a3ca77cf84,2008-02-08T10:51:31Z,felipe,UVG/Base/src/relogioUVG.h,ADD
e6147e003c38438b3f78f5bc9400c9a3ca77cf84,2008-02-08T10:51:31Z,felipe,UVG/Base/src/sinal.h,MODIFY
e6147e003c38438b3f78f5bc9400c9a3ca77cf84,2008-02-08T10:51:31Z,felipe,UVG/Base/x86/o/tabelaAloc.dat,MODIFY
224ce15353235a7f0b1e641db97a36fb5de08eac,2008-02-08T10:35:45Z,felipe,/dev/null,DELETE
64be51073937d983335d5dcfda39fbc1731062f6,2008-02-08T10:16:44Z,felipe,/dev/null,DELETE
64be51073937d983335d5dcfda39fbc1731062f6,2008-02-08T10:16:44Z,felipe,/dev/null,DELETE
c296195893a3d70be8313f8873d59d8ab5c262a0,2008-02-08T09:21:19Z,felipe,UEP/Apoio/CasoTeste1/ensaio.dat,MODIFY
c296195893a3d70be8313f8873d59d8ab5c262a0,2008-02-08T09:21:19Z,felipe,/dev/null,DELETE
c296195893a3d70be8313f8873d59d8ab5c262a0,2008-02-08T09:21:19Z,felipe,UEP/Apoio/CasoTeste1/testaRM,MODIFY
c296195893a3d70be8313f8873d59d8ab5c262a0,2008-02-08T09:21:19Z,felipe,UEP/Apoio/CasoTeste1/testaRM.cc,MODIFY
12024f9b0c5e71619046d7e11bf0ff4d5f36cb95,2008-02-08T02:02:57Z,felipe,UAM/Apoio/CasoTeste1/testaRM.cc,MODIFY
12024f9b0c5e71619046d7e11bf0ff4d5f36cb95,2008-02-08T02:02:57Z,felipe,UAM/Base/src/ConsMapa.cc,MODIFY
12024f9b0c5e71619046d7e11bf0ff4d5f36cb95,2008-02-08T02:02:57Z,felipe,UAM/Base/src/camadaGrf.cc,MODIFY
12024f9b0c5e71619046d7e11bf0ff4d5f36cb95,2008-02-08T02:02:57Z,felipe,UAM/Base/src/camadaGrf.h,MODIFY
12024f9b0c5e71619046d7e11bf0ff4d5f36cb95,2008-02-08T02:02:57Z,felipe,UAM/Base/src/centroControle.cc,MODIFY
12024f9b0c5e71619046d7e11bf0ff4d5f36cb95,2008-02-08T02:02:57Z,felipe,UAM/Base/src/centroControle.h,MODIFY
12024f9b0c5e71619046d7e11bf0ff4d5f36cb95,2008-02-08T02:02:57Z,felipe,UAM/Base/src/gerenciadorObjGrf.cc,MODIFY
12024f9b0c5e71619046d7e11bf0ff4d5f36cb95,2008-02-08T02:02:57Z,felipe,UAM/Base/src/gerenciadorObjGrf.h,MODIFY
12024f9b0c5e71619046d7e11bf0ff4d5f36cb95,2008-02-08T02:02:57Z,felipe,UAM/Base/src/gerenciadorWayPoint.cc,MODIFY
12024f9b0c5e71619046d7e11bf0ff4d5f36cb95,2008-02-08T02:02:57Z,felipe,UAM/Base/src/gerenciadorWayPoint.h,MODIFY
12024f9b0c5e71619046d7e11bf0ff4d5f36cb95,2008-02-08T02:02:57Z,felipe,UAM/Base/src/mySQL.cc,MODIFY
12024f9b0c5e71619046d7e11bf0ff4d5f36cb95,2008-02-08T02:02:57Z,felipe,UAM/Base/src/mySQL.h,MODIFY
12024f9b0c5e71619046d7e11bf0ff4d5f36cb95,2008-02-08T02:02:57Z,felipe,UAM/Base/src/processadorMapa.cc,MODIFY
12024f9b0c5e71619046d7e11bf0ff4d5f36cb95,2008-02-08T02:02:57Z,felipe,UAM/Base/src/processadorMapa.h,MODIFY
12024f9b0c5e71619046d7e11bf0ff4d5f36cb95,2008-02-08T02:02:57Z,felipe,UAM/Base/src/sigLib/datum.cc,MODIFY
12024f9b0c5e71619046d7e11bf0ff4d5f36cb95,2008-02-08T02:02:57Z,felipe,UAM/Base/src/sigLib/datum.h,MODIFY
12024f9b0c5e71619046d7e11bf0ff4d5f36cb95,2008-02-08T02:02:57Z,felipe,UAM/Base/src/sigLib/projecao.cc,MODIFY
12024f9b0c5e71619046d7e11bf0ff4d5f36cb95,2008-02-08T02:02:57Z,felipe,UAM/Base/src/sigLib/projecao.h,MODIFY
12024f9b0c5e71619046d7e11bf0ff4d5f36cb95,2008-02-08T02:02:57Z,felipe,UAM/Base/src/sigLib/shpLib.h,MODIFY
12024f9b0c5e71619046d7e11bf0ff4d5f36cb95,2008-02-08T02:02:57Z,felipe,UAM/Base/src/simbolo.cc,MODIFY
12024f9b0c5e71619046d7e11bf0ff4d5f36cb95,2008-02-08T02:02:57Z,felipe,UAM/Base/src/simbolo.h,MODIFY
12024f9b0c5e71619046d7e11bf0ff4d5f36cb95,2008-02-08T02:02:57Z,felipe,UAM/Base/src/torreAntena.cc,MODIFY
12024f9b0c5e71619046d7e11bf0ff4d5f36cb95,2008-02-08T02:02:57Z,felipe,UAM/Base/src/torreAntena.h,MODIFY
12024f9b0c5e71619046d7e11bf0ff4d5f36cb95,2008-02-08T02:02:57Z,felipe,UAM/Base/src/veiculoAereo.cc,MODIFY
12024f9b0c5e71619046d7e11bf0ff4d5f36cb95,2008-02-08T02:02:57Z,felipe,UAM/Base/src/veiculoAereo.h,MODIFY
12024f9b0c5e71619046d7e11bf0ff4d5f36cb95,2008-02-08T02:02:57Z,felipe,UAM/Base/src/wayPoint.cc,MODIFY
12024f9b0c5e71619046d7e11bf0ff4d5f36cb95,2008-02-08T02:02:57Z,felipe,UAM/Base/src/wayPoint.h,MODIFY
cc186c10e6b786bee14907fa036d051914b14277,2008-02-07T13:40:41Z,felipe,UEP/Base/src/AutoPiloto.cc,MODIFY
cc186c10e6b786bee14907fa036d051914b14277,2008-02-07T13:40:41Z,felipe,UEP/Base/src/AutoPiloto.h,MODIFY
cc186c10e6b786bee14907fa036d051914b14277,2008-02-07T13:40:41Z,felipe,UEP/Base/src/Controlador.cc,MODIFY
cc186c10e6b786bee14907fa036d051914b14277,2008-02-07T13:40:41Z,felipe,UEP/Base/src/Controlador.h,MODIFY
cc186c10e6b786bee14907fa036d051914b14277,2008-02-07T13:40:41Z,felipe,UEP/Base/src/EntradaAutopiloto.cc,MODIFY
cc186c10e6b786bee14907fa036d051914b14277,2008-02-07T13:40:41Z,felipe,UEP/Base/src/EntradaAutopiloto.h,MODIFY
cc186c10e6b786bee14907fa036d051914b14277,2008-02-07T13:40:41Z,felipe,UEP/Base/src/GerenciadorTxt.cc,MODIFY
cc186c10e6b786bee14907fa036d051914b14277,2008-02-07T13:40:41Z,felipe,UEP/Base/src/GerenciadorTxt.h,MODIFY
cc186c10e6b786bee14907fa036d051914b14277,2008-02-07T13:40:41Z,felipe,UEP/Base/src/Interface.cc,MODIFY
cc186c10e6b786bee14907fa036d051914b14277,2008-02-07T13:40:41Z,felipe,UEP/Base/src/Interface.h,MODIFY
cc186c10e6b786bee14907fa036d051914b14277,2008-02-07T13:40:41Z,felipe,UEP/Base/src/ParamCtrl.h,MODIFY
cc186c10e6b786bee14907fa036d051914b14277,2008-02-07T13:40:41Z,felipe,UEP/Base/x86/o-g/Base_g,MODIFY
cc186c10e6b786bee14907fa036d051914b14277,2008-02-07T13:40:41Z,felipe,UEP/Base/x86/o/Base,MODIFY
cc186c10e6b786bee14907fa036d051914b14277,2008-02-07T13:40:41Z,felipe,UEP/Base/x86/o/configs/ultimoensaio.dat,MODIFY
c3821b392e1acd84bd1a335cd201c34a425d48e8,2008-01-09T14:03:56Z,felipe,VA/Apoio/Teste/IntegracaoEsoloVAHardware/Makefile,ADD
c3821b392e1acd84bd1a335cd201c34a425d48e8,2008-01-09T14:03:56Z,felipe,VA/Apoio/Teste/IntegracaoEsoloVAHardware/canPosixJanusST.c,ADD
c3821b392e1acd84bd1a335cd201c34a425d48e8,2008-01-09T14:03:56Z,felipe,VA/Apoio/Teste/IntegracaoEsoloVAHardware/canPosixJanusST.h,ADD
c3821b392e1acd84bd1a335cd201c34a425d48e8,2008-01-09T14:03:56Z,felipe,VA/Apoio/Teste/IntegracaoEsoloVAHardware/micanRadioST.c,ADD
c3821b392e1acd84bd1a335cd201c34a425d48e8,2008-01-09T14:03:56Z,felipe,VA/Apoio/Teste/IntegracaoEsoloVAHardware/micanRadioST.h,ADD
c3821b392e1acd84bd1a335cd201c34a425d48e8,2008-01-09T14:03:56Z,felipe,VA/Apoio/ambienteinthw.sh,ADD
e5521db06bb6cb243c387c4e49b586d9780a07ef,2008-01-08T05:23:45Z,felipe,UAM/RM/consMapaRM.cc,MODIFY
e5521db06bb6cb243c387c4e49b586d9780a07ef,2008-01-08T05:23:45Z,felipe,UCV/Base/src/IHM/mensagens.h,MODIFY
e5521db06bb6cb243c387c4e49b586d9780a07ef,2008-01-08T05:23:45Z,felipe,UCV/Base/src/IHM/telaRelogio.cc,MODIFY
e5521db06bb6cb243c387c4e49b586d9780a07ef,2008-01-08T05:23:45Z,felipe,UCV/Base/src/MFD/baseRelogios.cc,MODIFY
e5521db06bb6cb243c387c4e49b586d9780a07ef,2008-01-08T05:23:45Z,felipe,UCV/Base/src/MFD/baseSuperficies.cc,MODIFY
e5521db06bb6cb243c387c4e49b586d9780a07ef,2008-01-08T05:23:45Z,felipe,UCV/Base/src/MFD/indVelocVert.cc,MODIFY
e5521db06bb6cb243c387c4e49b586d9780a07ef,2008-01-08T05:23:45Z,felipe,UCV/Base/src/MFD/mfd.cc,MODIFY
e5521db06bb6cb243c387c4e49b586d9780a07ef,2008-01-08T05:23:45Z,felipe,UCV/Base/src/MFD/relogio.cc,MODIFY
e5521db06bb6cb243c387c4e49b586d9780a07ef,2008-01-08T05:23:45Z,felipe,UCV/Base/src/MFD/superficie.cc,MODIFY
e5521db06bb6cb243c387c4e49b586d9780a07ef,2008-01-08T05:23:45Z,felipe,UCV/Base/src/ProcessadorTMTC/gerenteCom.cc,MODIFY
e5521db06bb6cb243c387c4e49b586d9780a07ef,2008-01-08T05:23:45Z,felipe,UCV/Base/src/ProcessadorTMTC/interfDatalink.cc,MODIFY
e5521db06bb6cb243c387c4e49b586d9780a07ef,2008-01-08T05:23:45Z,felipe,UCV/Base/src/ProcessadorTMTC/interfDatalink.h,MODIFY
e5521db06bb6cb243c387c4e49b586d9780a07ef,2008-01-08T05:23:45Z,felipe,UCV/Base/src/ProcessadorTMTC/interfEsolo.cc,MODIFY
e5521db06bb6cb243c387c4e49b586d9780a07ef,2008-01-08T05:23:45Z,felipe,UCV/Base/src/ProcessadorTMTC/interfFlightGear.cc,MODIFY
e5521db06bb6cb243c387c4e49b586d9780a07ef,2008-01-08T05:23:45Z,felipe,UCV/Base/src/ProcessadorTMTC/interfFlightGear.h,MODIFY
e5521db06bb6cb243c387c4e49b586d9780a07ef,2008-01-08T05:23:45Z,felipe,UCV/Base/src/ProcessadorTMTC/interfIHM.cc,MODIFY
e5521db06bb6cb243c387c4e49b586d9780a07ef,2008-01-08T05:23:45Z,felipe,UCV/Base/src/ProcessadorTMTC/interfJoystick.cc,MODIFY
e5521db06bb6cb243c387c4e49b586d9780a07ef,2008-01-08T05:23:45Z,felipe,UCV/Base/src/ProcessadorTMTC/interfJoystick.h,MODIFY
e5521db06bb6cb243c387c4e49b586d9780a07ef,2008-01-08T05:23:45Z,felipe,UCV/Base/src/ProcessadorTMTC/interfLogger.cc,MODIFY
e5521db06bb6cb243c387c4e49b586d9780a07ef,2008-01-08T05:23:45Z,felipe,UCV/Base/src/ProcessadorTMTC/interfLogger.h,MODIFY
e5521db06bb6cb243c387c4e49b586d9780a07ef,2008-01-08T05:23:45Z,felipe,UCV/Base/src/ProcessadorTMTC/interfUAM.cc,MODIFY
e5521db06bb6cb243c387c4e49b586d9780a07ef,2008-01-08T05:23:45Z,felipe,UCV/Base/src/ProcessadorTMTC/interfUAM.h,MODIFY
e5521db06bb6cb243c387c4e49b586d9780a07ef,2008-01-08T05:23:45Z,felipe,UCV/Base/src/ProcessadorTMTC/interfUEP.cc,MODIFY
e5521db06bb6cb243c387c4e49b586d9780a07ef,2008-01-08T05:23:45Z,felipe,UCV/Base/src/ProcessadorTMTC/interfUEP.h,MODIFY
e5521db06bb6cb243c387c4e49b586d9780a07ef,2008-01-08T05:23:45Z,felipe,UCV/Base/src/ProcessadorTMTC/interfUVG.cc,MODIFY
e5521db06bb6cb243c387c4e49b586d9780a07ef,2008-01-08T05:23:45Z,felipe,UCV/Base/src/ProcessadorTMTC/interfUVG.h,MODIFY
e5521db06bb6cb243c387c4e49b586d9780a07ef,2008-01-08T05:23:45Z,felipe,UCV/Base/src/ProcessadorTMTC/processadorTMTC,MODIFY
e5521db06bb6cb243c387c4e49b586d9780a07ef,2008-01-08T05:23:45Z,felipe,UCV/Base/src/esoloqnx.cc,MODIFY
e5521db06bb6cb243c387c4e49b586d9780a07ef,2008-01-08T05:23:45Z,felipe,UCV/Base/x86/o-g/Base_g,MODIFY
e5521db06bb6cb243c387c4e49b586d9780a07ef,2008-01-08T05:23:45Z,felipe,UCV/Base/x86/o/Base,MODIFY
e5521db06bb6cb243c387c4e49b586d9780a07ef,2008-01-08T05:23:45Z,felipe,UCV/Base/x86/o/processadorTMTC,MODIFY
e5521db06bb6cb243c387c4e49b586d9780a07ef,2008-01-08T05:23:45Z,felipe,UCV/Makefile,MODIFY
e5521db06bb6cb243c387c4e49b586d9780a07ef,2008-01-08T05:23:45Z,felipe,UCV/ambiente.sh,MODIFY
660701c1d4bfe345e1ae5f1422342a9b578b0257,2008-01-07T19:08:11Z,felipe,VA/Base/ProcessadorVA/gerenteMsg.cc,MODIFY
660701c1d4bfe345e1ae5f1422342a9b578b0257,2008-01-07T19:08:11Z,felipe,VA/Base/ProcessadorVA/gerenteVoo.cc,MODIFY
660701c1d4bfe345e1ae5f1422342a9b578b0257,2008-01-07T19:08:11Z,felipe,VA/Base/ProcessadorVA/interfTMTC.cc,MODIFY
660701c1d4bfe345e1ae5f1422342a9b578b0257,2008-01-07T19:08:11Z,felipe,VA/RM/GB/gerenteBarramentoRM.c,MODIFY
660701c1d4bfe345e1ae5f1422342a9b578b0257,2008-01-07T19:08:11Z,felipe,VA/RM/GB/gerenteBarramentoRM.h,MODIFY
660701c1d4bfe345e1ae5f1422342a9b578b0257,2008-01-07T19:08:11Z,felipe,VA/RM/GB/radioRM.c,MODIFY
84d795149ca2fa5dffc7d80ee5e391277cb46fbe,2008-01-06T14:31:35Z,velloso,UVG/Base/abapp.dfn,MODIFY
84d795149ca2fa5dffc7d80ee5e391277cb46fbe,2008-01-06T14:31:35Z,velloso,UVG/Base/abapp.wsp,MODIFY
84d795149ca2fa5dffc7d80ee5e391277cb46fbe,2008-01-06T14:31:35Z,velloso,UVG/Base/src/ConsEng2.cc,MODIFY
84d795149ca2fa5dffc7d80ee5e391277cb46fbe,2008-01-06T14:31:35Z,velloso,UVG/Base/src/GerenciadorGrf.cc,MODIFY
84d795149ca2fa5dffc7d80ee5e391277cb46fbe,2008-01-06T14:31:35Z,velloso,UVG/Base/src/GerenciadorGrf.h,MODIFY
84d795149ca2fa5dffc7d80ee5e391277cb46fbe,2008-01-06T14:31:35Z,velloso,UVG/Base/src/TabSelecao.cc,MODIFY
84d795149ca2fa5dffc7d80ee5e391277cb46fbe,2008-01-06T14:31:35Z,velloso,UVG/Base/src/interf.cc,MODIFY
84d795149ca2fa5dffc7d80ee5e391277cb46fbe,2008-01-06T14:31:35Z,velloso,UVG/Base/src/interf.h,MODIFY
84d795149ca2fa5dffc7d80ee5e391277cb46fbe,2008-01-06T14:31:35Z,velloso,UVG/Base/wgt/base.wgtw,MODIFY
84d795149ca2fa5dffc7d80ee5e391277cb46fbe,2008-01-06T14:31:35Z,velloso,UVG/Base/x86/o-g/Base_g,MODIFY
84d795149ca2fa5dffc7d80ee5e391277cb46fbe,2008-01-06T14:31:35Z,velloso,UVG/Base/x86/o/Base,MODIFY
84d795149ca2fa5dffc7d80ee5e391277cb46fbe,2008-01-06T14:31:35Z,velloso,UVG/Base/x86/o/ListaOpGrf.dat,MODIFY
84d795149ca2fa5dffc7d80ee5e391277cb46fbe,2008-01-06T14:31:35Z,velloso,UVG/Base/x86/o/consEng2RM,MODIFY
84d795149ca2fa5dffc7d80ee5e391277cb46fbe,2008-01-06T14:31:35Z,velloso,UVG/Base/x86/o/tabelaAloc.dat,MODIFY
84d795149ca2fa5dffc7d80ee5e391277cb46fbe,2008-01-06T14:31:35Z,velloso,UVG/RM/consEng2RM,MODIFY
84d795149ca2fa5dffc7d80ee5e391277cb46fbe,2008-01-06T14:31:35Z,velloso,UVG/RM/consEng2RM.cc,MODIFY
6544c5ff46b2dda312ea1b3c55dfd602b5906819,2008-01-06T14:25:04Z,velloso,UEP/Base/src/AutoPiloto.cc,MODIFY
6544c5ff46b2dda312ea1b3c55dfd602b5906819,2008-01-06T14:25:04Z,velloso,UEP/Base/src/ComConsoleNav.h,MODIFY
6544c5ff46b2dda312ea1b3c55dfd602b5906819,2008-01-06T14:25:04Z,velloso,UEP/Base/src/ConsEng1.cc,MODIFY
6544c5ff46b2dda312ea1b3c55dfd602b5906819,2008-01-06T14:25:04Z,velloso,UEP/Base/src/Controlador.cc,MODIFY
6544c5ff46b2dda312ea1b3c55dfd602b5906819,2008-01-06T14:25:04Z,velloso,UEP/Base/src/Controlador.h,MODIFY
6544c5ff46b2dda312ea1b3c55dfd602b5906819,2008-01-06T14:25:04Z,velloso,UEP/Base/src/GerenciadorTxt.cc,MODIFY
6544c5ff46b2dda312ea1b3c55dfd602b5906819,2008-01-06T14:25:04Z,velloso,UEP/Base/src/GerenciadorTxt.h,MODIFY
6544c5ff46b2dda312ea1b3c55dfd602b5906819,2008-01-06T14:25:04Z,velloso,UEP/Base/x86/o-g/Base_g,MODIFY
6544c5ff46b2dda312ea1b3c55dfd602b5906819,2008-01-06T14:25:04Z,velloso,UEP/Base/x86/o/Base,MODIFY
6544c5ff46b2dda312ea1b3c55dfd602b5906819,2008-01-06T14:25:04Z,velloso,UEP/Base/x86/o/configs/ultimoensaio.dat,MODIFY
6544c5ff46b2dda312ea1b3c55dfd602b5906819,2008-01-06T14:25:04Z,velloso,UEP/Base/x86/o/consEng1RM,MODIFY
6544c5ff46b2dda312ea1b3c55dfd602b5906819,2008-01-06T14:25:04Z,velloso,UEP/RM/comEsolo.h,MODIFY
6544c5ff46b2dda312ea1b3c55dfd602b5906819,2008-01-06T14:25:04Z,velloso,UEP/RM/consEng1RM,MODIFY
6544c5ff46b2dda312ea1b3c55dfd602b5906819,2008-01-06T14:25:04Z,velloso,UEP/RM/consEng1RM.cc,MODIFY
6544c5ff46b2dda312ea1b3c55dfd602b5906819,2008-01-06T14:25:04Z,velloso,UEP/RM/consEng1RM.h,MODIFY
6f7f801adb783e033f67b7c4046997cb95951087,2007-12-07T21:45:54Z,felipe,VA/RM/GB/gerenteBarramento.h,MODIFY
6f7f801adb783e033f67b7c4046997cb95951087,2007-12-07T21:45:54Z,felipe,VA/RM/GB/gerenteBarramentoRM.c,MODIFY
6f7f801adb783e033f67b7c4046997cb95951087,2007-12-07T21:45:54Z,felipe,VA/RM/GB/gerenteBarramentoRM.h,MODIFY
6f7f801adb783e033f67b7c4046997cb95951087,2007-12-07T21:45:54Z,felipe,VA/RM/GB/radio.h,MODIFY
6f7f801adb783e033f67b7c4046997cb95951087,2007-12-07T21:45:54Z,felipe,VA/RM/GB/radioRM.c,MODIFY
6f7f801adb783e033f67b7c4046997cb95951087,2007-12-07T21:45:54Z,felipe,VA/RM/GB/radioRM.h,MODIFY
6f7f801adb783e033f67b7c4046997cb95951087,2007-12-07T21:45:54Z,felipe,VA/RM/GB/servoRM.c,MODIFY
6f7f801adb783e033f67b7c4046997cb95951087,2007-12-07T21:45:54Z,felipe,VA/RM/GB/servoRM.h,MODIFY
6f7f801adb783e033f67b7c4046997cb95951087,2007-12-07T21:45:54Z,felipe,VA/RM/GB/sincRM.c,MODIFY
12f13e3026c42d146143ce0f072131a595d34935,2007-12-07T21:36:24Z,felipe,VA/Apoio/Teste/Makefile,MODIFY
12f13e3026c42d146143ce0f072131a595d34935,2007-12-07T21:36:24Z,felipe,VA/Apoio/ambienteint.sh,MODIFY
12f13e3026c42d146143ce0f072131a595d34935,2007-12-07T21:36:24Z,felipe,VA/Base/Biblioteca/Makefile,MODIFY
12f13e3026c42d146143ce0f072131a595d34935,2007-12-07T21:36:24Z,felipe,VA/Base/Biblioteca/canaerospace.c,MODIFY
12f13e3026c42d146143ce0f072131a595d34935,2007-12-07T21:36:24Z,felipe,VA/Base/Biblioteca/canaerospace.h,MODIFY
12f13e3026c42d146143ce0f072131a595d34935,2007-12-07T21:36:24Z,felipe,VA/Base/GerenteExecutaveis/gerenteExecutaveis.cc,MODIFY
12f13e3026c42d146143ce0f072131a595d34935,2007-12-07T21:36:24Z,felipe,VA/Base/ProcessadorVA/gerenteMsg.cc,MODIFY
12f13e3026c42d146143ce0f072131a595d34935,2007-12-07T21:36:24Z,felipe,VA/Base/ProcessadorVA/gerenteVoo.cc,MODIFY
12f13e3026c42d146143ce0f072131a595d34935,2007-12-07T21:36:24Z,felipe,VA/Base/ProcessadorVA/interfFreio.cc,MODIFY
12f13e3026c42d146143ce0f072131a595d34935,2007-12-07T21:36:24Z,felipe,VA/Base/ProcessadorVA/interfParaquedas.cc,MODIFY
12f13e3026c42d146143ce0f072131a595d34935,2007-12-07T21:36:24Z,felipe,VA/Base/ProcessadorVA/interfServo.cc,MODIFY
12f13e3026c42d146143ce0f072131a595d34935,2007-12-07T21:36:24Z,felipe,VA/Base/ProcessadorVA/interfTMTC.cc,MODIFY
12f13e3026c42d146143ce0f072131a595d34935,2007-12-07T21:36:24Z,felipe,VA/Base/ProcessadorVA/navegador.cc,MODIFY
12f13e3026c42d146143ce0f072131a595d34935,2007-12-07T21:36:24Z,felipe,VA/Makefile,MODIFY
eba89a528c4d2ea00cf8658ec903632d16b1b529,2007-11-01T17:31:18Z,ccosta,UVG/Base/abapp.dfn,MODIFY
eba89a528c4d2ea00cf8658ec903632d16b1b529,2007-11-01T17:31:18Z,ccosta,UVG/Base/abapp.wsp,MODIFY
eba89a528c4d2ea00cf8658ec903632d16b1b529,2007-11-01T17:31:18Z,ccosta,UVG/Base/src/ConsEng2.cc,MODIFY
eba89a528c4d2ea00cf8658ec903632d16b1b529,2007-11-01T17:31:18Z,ccosta,UVG/Base/src/GerenciadorGrf.cc,MODIFY
eba89a528c4d2ea00cf8658ec903632d16b1b529,2007-11-01T17:31:18Z,ccosta,UVG/Base/src/GerenciadorGrf.h,MODIFY
eba89a528c4d2ea00cf8658ec903632d16b1b529,2007-11-01T17:31:18Z,ccosta,UVG/Base/src/TabSelecao.cc,MODIFY
eba89a528c4d2ea00cf8658ec903632d16b1b529,2007-11-01T17:31:18Z,ccosta,UVG/Base/src/interf.cc,MODIFY
eba89a528c4d2ea00cf8658ec903632d16b1b529,2007-11-01T17:31:18Z,ccosta,UVG/Base/src/interf.h,MODIFY
eba89a528c4d2ea00cf8658ec903632d16b1b529,2007-11-01T17:31:18Z,ccosta,UVG/Base/src/relogio.cc,MODIFY
eba89a528c4d2ea00cf8658ec903632d16b1b529,2007-11-01T17:31:18Z,ccosta,UVG/Base/x86/o-g/Base_g,MODIFY
eba89a528c4d2ea00cf8658ec903632d16b1b529,2007-11-01T17:31:18Z,ccosta,UVG/Base/x86/o/Base,MODIFY
eba89a528c4d2ea00cf8658ec903632d16b1b529,2007-11-01T17:31:18Z,ccosta,UVG/Base/x86/o/consEng2RM,MODIFY
eba89a528c4d2ea00cf8658ec903632d16b1b529,2007-11-01T17:31:18Z,ccosta,UVG/Base/x86/o/tabelaAloc.dat,MODIFY
eba89a528c4d2ea00cf8658ec903632d16b1b529,2007-11-01T17:31:18Z,ccosta,UVG/RM/consEng2RM,MODIFY
eba89a528c4d2ea00cf8658ec903632d16b1b529,2007-11-01T17:31:18Z,ccosta,UVG/RM/consEng2RM.cc,MODIFY
8a97428ed6cdf73a3a42f237764b6c7338b6d570,2007-10-31T17:18:26Z,felipe,VA/Apoio/Teste/IntegracaoEsoloVA/barramentoST.c,MODIFY
8a97428ed6cdf73a3a42f237764b6c7338b6d570,2007-10-31T17:18:26Z,felipe,VA/Apoio/Teste/IntegracaoEsoloVA/canposixbarramentoST.c,MODIFY
8a97428ed6cdf73a3a42f237764b6c7338b6d570,2007-10-31T17:18:26Z,felipe,VA/Apoio/Teste/IntegracaoEsoloVA/canposixbarramentoST.h,MODIFY
8a97428ed6cdf73a3a42f237764b6c7338b6d570,2007-10-31T17:18:26Z,felipe,VA/Apoio/Teste/IntegracaoEsoloVA/micanRadioST.c,MODIFY
8a97428ed6cdf73a3a42f237764b6c7338b6d570,2007-10-31T17:18:26Z,felipe,VA/Apoio/Teste/IntegracaoEsoloVA/micanServoST.c,MODIFY
8a97428ed6cdf73a3a42f237764b6c7338b6d570,2007-10-31T17:18:26Z,felipe,VA/Apoio/ambienteint.sh,MODIFY
8a97428ed6cdf73a3a42f237764b6c7338b6d570,2007-10-31T17:18:26Z,felipe,VA/Base/ProcessadorVA/gerenteVoo.cc,MODIFY
8a97428ed6cdf73a3a42f237764b6c7338b6d570,2007-10-31T17:18:26Z,felipe,VA/Base/ProcessadorVA/interfTMTC.cc,MODIFY
8a97428ed6cdf73a3a42f237764b6c7338b6d570,2007-10-31T17:18:26Z,felipe,VA/RM/GB/gerenteBarramentoRM.c,MODIFY
8a97428ed6cdf73a3a42f237764b6c7338b6d570,2007-10-31T17:18:26Z,felipe,VA/RM/GB/radioRM.c,MODIFY
ae69ee766af116cdae0084f7dd753579811a1174,2007-10-31T14:23:16Z,felipe,VA/Apoio/ambienteint.sh,ADD
ae69ee766af116cdae0084f7dd753579811a1174,2007-10-31T14:23:16Z,felipe,VA/Base/Biblioteca/libsrdcan.a,ADD
ae69ee766af116cdae0084f7dd753579811a1174,2007-10-31T14:23:16Z,felipe,VA/Base/Biblioteca/srdcan.h,ADD
ae69ee766af116cdae0084f7dd753579811a1174,2007-10-31T14:23:16Z,felipe,VA/RM/GB/canPosixJanusRM.c,ADD
ae69ee766af116cdae0084f7dd753579811a1174,2007-10-31T14:23:16Z,felipe,VA/RM/GB/canPosixJanusRM.h,ADD
aa8732ab10b7b8a01dda2442173999c65d3bd9f6,2007-10-31T14:12:12Z,felipe,VA/Apoio/Teste/BarramentoST/DispositivoCanAsST.cc,MODIFY
aa8732ab10b7b8a01dda2442173999c65d3bd9f6,2007-10-31T14:12:12Z,felipe,VA/Apoio/Teste/BarramentoST/MicanRadioST.cc,MODIFY
aa8732ab10b7b8a01dda2442173999c65d3bd9f6,2007-10-31T14:12:12Z,felipe,VA/Apoio/Teste/BarramentoST/radioST.c,MODIFY
aa8732ab10b7b8a01dda2442173999c65d3bd9f6,2007-10-31T14:12:12Z,felipe,VA/Apoio/Teste/ComponenteProcessadorVA/Makefile,MODIFY
aa8732ab10b7b8a01dda2442173999c65d3bd9f6,2007-10-31T14:12:12Z,felipe,VA/Apoio/Teste/ComponenteProcessadorVA/ambiente.sh,MODIFY
aa8732ab10b7b8a01dda2442173999c65d3bd9f6,2007-10-31T14:12:12Z,felipe,VA/Apoio/Teste/ComponenteProcessadorVA/gerenteexecutaveisST.cc,MODIFY
aa8732ab10b7b8a01dda2442173999c65d3bd9f6,2007-10-31T14:12:12Z,felipe,VA/Apoio/Teste/Makefile,MODIFY
aa8732ab10b7b8a01dda2442173999c65d3bd9f6,2007-10-31T14:12:12Z,felipe,VA/Base/Biblioteca/canaerospace.c,MODIFY
aa8732ab10b7b8a01dda2442173999c65d3bd9f6,2007-10-31T14:12:12Z,felipe,VA/Base/Biblioteca/canaerospace.h,MODIFY
aa8732ab10b7b8a01dda2442173999c65d3bd9f6,2007-10-31T14:12:12Z,felipe,VA/Base/GerenteExecutaveis/gerenteExecutaveis.cc,MODIFY
aa8732ab10b7b8a01dda2442173999c65d3bd9f6,2007-10-31T14:12:12Z,felipe,VA/Base/ProcessadorVA/gerenteMsg.cc,MODIFY
aa8732ab10b7b8a01dda2442173999c65d3bd9f6,2007-10-31T14:12:12Z,felipe,VA/Base/ProcessadorVA/gerenteMsg.h,MODIFY
aa8732ab10b7b8a01dda2442173999c65d3bd9f6,2007-10-31T14:12:12Z,felipe,VA/Base/ProcessadorVA/gerenteVoo.cc,MODIFY
aa8732ab10b7b8a01dda2442173999c65d3bd9f6,2007-10-31T14:12:12Z,felipe,VA/Base/ProcessadorVA/interfFreio.cc,MODIFY
aa8732ab10b7b8a01dda2442173999c65d3bd9f6,2007-10-31T14:12:12Z,felipe,VA/Base/ProcessadorVA/interfServo.cc,MODIFY
aa8732ab10b7b8a01dda2442173999c65d3bd9f6,2007-10-31T14:12:12Z,felipe,VA/Base/ProcessadorVA/interfServo.h,MODIFY
aa8732ab10b7b8a01dda2442173999c65d3bd9f6,2007-10-31T14:12:12Z,felipe,VA/Base/ProcessadorVA/interfSinc.cc,MODIFY
aa8732ab10b7b8a01dda2442173999c65d3bd9f6,2007-10-31T14:12:12Z,felipe,VA/Base/ProcessadorVA/interfSinc.h,MODIFY
aa8732ab10b7b8a01dda2442173999c65d3bd9f6,2007-10-31T14:12:12Z,felipe,VA/Base/ProcessadorVA/interfTMTC.cc,MODIFY
aa8732ab10b7b8a01dda2442173999c65d3bd9f6,2007-10-31T14:12:12Z,felipe,VA/Base/ProcessadorVA/interfTMTC.h,MODIFY
aa8732ab10b7b8a01dda2442173999c65d3bd9f6,2007-10-31T14:12:12Z,felipe,VA/Base/ProcessadorVA/mensagens.h,MODIFY
aa8732ab10b7b8a01dda2442173999c65d3bd9f6,2007-10-31T14:12:12Z,felipe,VA/Base/ProcessadorVA/navegador.cc,MODIFY
aa8732ab10b7b8a01dda2442173999c65d3bd9f6,2007-10-31T14:12:12Z,felipe,VA/Base/ProcessadorVA/navegador.h,MODIFY
aa8732ab10b7b8a01dda2442173999c65d3bd9f6,2007-10-31T14:12:12Z,felipe,VA/Base/ProcessadorVA/processadorVA.cc,MODIFY
aa8732ab10b7b8a01dda2442173999c65d3bd9f6,2007-10-31T14:12:12Z,felipe,VA/Config/CanFixoAcaua,MODIFY
aa8732ab10b7b8a01dda2442173999c65d3bd9f6,2007-10-31T14:12:12Z,felipe,VA/Makefile,MODIFY
aa8732ab10b7b8a01dda2442173999c65d3bd9f6,2007-10-31T14:12:12Z,felipe,VA/RM/GB/Makefile,MODIFY
aa8732ab10b7b8a01dda2442173999c65d3bd9f6,2007-10-31T14:12:12Z,felipe,VA/RM/GB/gerenteBarramentoRM.c,MODIFY
aa8732ab10b7b8a01dda2442173999c65d3bd9f6,2007-10-31T14:12:12Z,felipe,VA/RM/GB/radioRM.c,MODIFY
aa8732ab10b7b8a01dda2442173999c65d3bd9f6,2007-10-31T14:12:12Z,felipe,VA/RM/GB/servoRM.c,MODIFY
aa8732ab10b7b8a01dda2442173999c65d3bd9f6,2007-10-31T14:12:12Z,felipe,VA/make.rules,MODIFY
2665e06e9b924badc4f0f6adfbe43f1ef8287520,2007-10-31T13:19:03Z,felipe,VA/Apoio/Teste/IntegracaoEsoloVA/barramentoST.c,MODIFY
763bcdd329f26e0a7f046ca936ecde2782c1e98f,2007-10-31T13:18:25Z,felipe,VA/Apoio/Teste/IntegracaoEsoloVA/barramentoST.c,MODIFY
35bb72fa9506e0fdb8f24f50c93ba476af313dfd,2007-10-31T13:09:39Z,felipe,VA/Apoio/Teste/IntegracaoEsoloVA/ListaNodeIds,ADD
35bb72fa9506e0fdb8f24f50c93ba476af313dfd,2007-10-31T13:09:39Z,felipe,VA/Apoio/Teste/IntegracaoEsoloVA/Makefile,ADD
35bb72fa9506e0fdb8f24f50c93ba476af313dfd,2007-10-31T13:09:39Z,felipe,VA/Apoio/Teste/IntegracaoEsoloVA/ambiente.sh,ADD
35bb72fa9506e0fdb8f24f50c93ba476af313dfd,2007-10-31T13:09:39Z,felipe,VA/Apoio/Teste/IntegracaoEsoloVA/barramentoST.c,ADD
35bb72fa9506e0fdb8f24f50c93ba476af313dfd,2007-10-31T13:09:39Z,felipe,VA/Apoio/Teste/IntegracaoEsoloVA/barramentoST.h,ADD
35bb72fa9506e0fdb8f24f50c93ba476af313dfd,2007-10-31T13:09:39Z,felipe,VA/Apoio/Teste/IntegracaoEsoloVA/canposixbarramentoST.c,ADD
35bb72fa9506e0fdb8f24f50c93ba476af313dfd,2007-10-31T13:09:39Z,felipe,VA/Apoio/Teste/IntegracaoEsoloVA/canposixbarramentoST.h,ADD
35bb72fa9506e0fdb8f24f50c93ba476af313dfd,2007-10-31T13:09:39Z,felipe,VA/Apoio/Teste/IntegracaoEsoloVA/canposixbarramentoSTnovo.c,ADD
35bb72fa9506e0fdb8f24f50c93ba476af313dfd,2007-10-31T13:09:39Z,felipe,VA/Apoio/Teste/IntegracaoEsoloVA/canposixbarramentoSTnovo.h,ADD
35bb72fa9506e0fdb8f24f50c93ba476af313dfd,2007-10-31T13:09:39Z,felipe,VA/Apoio/Teste/IntegracaoEsoloVA/micanRadioST.c,ADD
35bb72fa9506e0fdb8f24f50c93ba476af313dfd,2007-10-31T13:09:39Z,felipe,VA/Apoio/Teste/IntegracaoEsoloVA/micanRadioST.h,ADD
35bb72fa9506e0fdb8f24f50c93ba476af313dfd,2007-10-31T13:09:39Z,felipe,VA/Apoio/Teste/IntegracaoEsoloVA/micanServoST.c,ADD
35bb72fa9506e0fdb8f24f50c93ba476af313dfd,2007-10-31T13:09:39Z,felipe,VA/Apoio/Teste/IntegracaoEsoloVA/micanServoST.h,ADD
35bb72fa9506e0fdb8f24f50c93ba476af313dfd,2007-10-31T13:09:39Z,felipe,VA/Apoio/Teste/IntegracaoEsoloVA/protocolobarramentoST.h,ADD
75f97d0400e726c5382db3cdf05748bd9214d17b,2007-10-30T16:51:15Z,ccosta,UVG/Base/abapp.dfn,MODIFY
75f97d0400e726c5382db3cdf05748bd9214d17b,2007-10-30T16:51:15Z,ccosta,UVG/Base/abapp.wsp,MODIFY
75f97d0400e726c5382db3cdf05748bd9214d17b,2007-10-30T16:51:15Z,ccosta,UVG/Base/src/ConsEng2.cc,MODIFY
75f97d0400e726c5382db3cdf05748bd9214d17b,2007-10-30T16:51:15Z,ccosta,UVG/Base/src/GerenciadorGrf.cc,MODIFY
75f97d0400e726c5382db3cdf05748bd9214d17b,2007-10-30T16:51:15Z,ccosta,UVG/Base/src/TabSelecao.cc,MODIFY
75f97d0400e726c5382db3cdf05748bd9214d17b,2007-10-30T16:51:15Z,ccosta,UVG/Base/src/TabSelecao.h,MODIFY
75f97d0400e726c5382db3cdf05748bd9214d17b,2007-10-30T16:51:15Z,ccosta,UVG/Base/src/abdefine.h,MODIFY
75f97d0400e726c5382db3cdf05748bd9214d17b,2007-10-30T16:51:15Z,ccosta,UVG/Base/src/abevents.h,MODIFY
75f97d0400e726c5382db3cdf05748bd9214d17b,2007-10-30T16:51:15Z,ccosta,UVG/Base/src/abimport.h,MODIFY
75f97d0400e726c5382db3cdf05748bd9214d17b,2007-10-30T16:51:15Z,ccosta,UVG/Base/src/ablinks.h,MODIFY
75f97d0400e726c5382db3cdf05748bd9214d17b,2007-10-30T16:51:15Z,ccosta,UVG/Base/src/abvars.h,MODIFY
75f97d0400e726c5382db3cdf05748bd9214d17b,2007-10-30T16:51:15Z,ccosta,UVG/Base/src/abwidgets.h,MODIFY
75f97d0400e726c5382db3cdf05748bd9214d17b,2007-10-30T16:51:15Z,ccosta,UVG/Base/src/interf.cc,MODIFY
75f97d0400e726c5382db3cdf05748bd9214d17b,2007-10-30T16:51:15Z,ccosta,UVG/Base/wgt/base.wgtw,MODIFY
75f97d0400e726c5382db3cdf05748bd9214d17b,2007-10-30T16:51:15Z,ccosta,UVG/Base/x86/o-g/Base_g,MODIFY
75f97d0400e726c5382db3cdf05748bd9214d17b,2007-10-30T16:51:15Z,ccosta,UVG/Base/x86/o/Base,MODIFY
75f97d0400e726c5382db3cdf05748bd9214d17b,2007-10-30T16:51:15Z,ccosta,UVG/Base/x86/o/consEng2RM,MODIFY
75f97d0400e726c5382db3cdf05748bd9214d17b,2007-10-30T16:51:15Z,ccosta,UVG/Base/x86/o/tabelaAloc.dat,MODIFY
75f97d0400e726c5382db3cdf05748bd9214d17b,2007-10-30T16:51:15Z,ccosta,UVG/Makefile,MODIFY
75f97d0400e726c5382db3cdf05748bd9214d17b,2007-10-30T16:51:15Z,ccosta,UVG/RM/consEng2RM,MODIFY
75f97d0400e726c5382db3cdf05748bd9214d17b,2007-10-30T16:51:15Z,ccosta,UVG/RM/consEng2RM.cc,MODIFY
64cdd3a7af030d80bbd28a512c92f5b19167e595,2007-10-18T16:35:20Z,ccosta,UVG/Base/abapp.dfn,MODIFY
64cdd3a7af030d80bbd28a512c92f5b19167e595,2007-10-18T16:35:20Z,ccosta,UVG/Base/abapp.wsp,MODIFY
64cdd3a7af030d80bbd28a512c92f5b19167e595,2007-10-18T16:35:20Z,ccosta,UVG/Base/src/ConsEng2.cc,MODIFY
64cdd3a7af030d80bbd28a512c92f5b19167e595,2007-10-18T16:35:20Z,ccosta,UVG/Base/src/GerenciadorGrf.cc,MODIFY
64cdd3a7af030d80bbd28a512c92f5b19167e595,2007-10-18T16:35:20Z,ccosta,UVG/Base/src/GerenciadorGrf.h,MODIFY
64cdd3a7af030d80bbd28a512c92f5b19167e595,2007-10-18T16:35:20Z,ccosta,UVG/Base/src/abmain.cc,MODIFY
64cdd3a7af030d80bbd28a512c92f5b19167e595,2007-10-18T16:35:20Z,ccosta,UVG/Base/src/interf.cc,MODIFY
64cdd3a7af030d80bbd28a512c92f5b19167e595,2007-10-18T16:35:20Z,ccosta,UVG/Base/src/interf.h,MODIFY
64cdd3a7af030d80bbd28a512c92f5b19167e595,2007-10-18T16:35:20Z,ccosta,UVG/Base/wgt/base.wgtw,MODIFY
64cdd3a7af030d80bbd28a512c92f5b19167e595,2007-10-18T16:35:20Z,ccosta,UVG/Base/x86/o-g/Base_g,MODIFY
64cdd3a7af030d80bbd28a512c92f5b19167e595,2007-10-18T16:35:20Z,ccosta,UVG/Base/x86/o/Base,MODIFY
b841eeccdd7225ea48b220994bf9f18718d5069b,2007-10-05T10:01:29Z,ccosta,UEP/Base/src/Controlador.cc,MODIFY
b841eeccdd7225ea48b220994bf9f18718d5069b,2007-10-05T10:01:29Z,ccosta,UEP/Base/src/GerenciadorTxt.cc,MODIFY
b841eeccdd7225ea48b220994bf9f18718d5069b,2007-10-05T10:01:29Z,ccosta,UEP/Base/x86/o-g/Base_g,MODIFY
b841eeccdd7225ea48b220994bf9f18718d5069b,2007-10-05T10:01:29Z,ccosta,UEP/Base/x86/o/Base,MODIFY
b841eeccdd7225ea48b220994bf9f18718d5069b,2007-10-05T10:01:29Z,ccosta,UEP/Base/x86/o/configs/ultimoensaio.dat,MODIFY
675995a94bca68f4c40a70586e6a81308fbf0e0e,2007-10-04T14:55:48Z,ccosta,UEP/Base/src/ConsEng1.cc,MODIFY
675995a94bca68f4c40a70586e6a81308fbf0e0e,2007-10-04T14:55:48Z,ccosta,UEP/Base/src/GerenciadorTxt.cc,MODIFY
675995a94bca68f4c40a70586e6a81308fbf0e0e,2007-10-04T14:55:48Z,ccosta,UEP/Base/src/Interface.cc,MODIFY
675995a94bca68f4c40a70586e6a81308fbf0e0e,2007-10-04T14:55:48Z,ccosta,UEP/Base/x86/o-g/Base_g,MODIFY
675995a94bca68f4c40a70586e6a81308fbf0e0e,2007-10-04T14:55:48Z,ccosta,UEP/Base/x86/o/Base,MODIFY
675995a94bca68f4c40a70586e6a81308fbf0e0e,2007-10-04T14:55:48Z,ccosta,UEP/Base/x86/o/configs/ultimoensaio.dat,MODIFY
675995a94bca68f4c40a70586e6a81308fbf0e0e,2007-10-04T14:55:48Z,ccosta,UEP/Base/x86/o/consEng1RM,MODIFY
675995a94bca68f4c40a70586e6a81308fbf0e0e,2007-10-04T14:55:48Z,ccosta,UEP/RM/consEng1RM,MODIFY
fd71c0f172e83f605596768c6d03dc801edceba8,2007-09-28T17:30:52Z,ccosta,UVG/Base/x86/o-g/Base_g,MODIFY
fd71c0f172e83f605596768c6d03dc801edceba8,2007-09-28T17:30:52Z,ccosta,UVG/Base/x86/o/Base,MODIFY
fd71c0f172e83f605596768c6d03dc801edceba8,2007-09-28T17:30:52Z,ccosta,UVG/Base/x86/o/consEng2RM,MODIFY
fd71c0f172e83f605596768c6d03dc801edceba8,2007-09-28T17:30:52Z,ccosta,UVG/Base/x86/o/tabelaAloc.dat,MODIFY
fd71c0f172e83f605596768c6d03dc801edceba8,2007-09-28T17:30:52Z,ccosta,UVG/RM/consEng2RM,MODIFY
fd71c0f172e83f605596768c6d03dc801edceba8,2007-09-28T17:30:52Z,ccosta,UVG/RM/consEng2RM.cc,MODIFY
ae8cd569e9aec63d1eab382070dca6702f6b6f0b,2007-09-28T17:19:15Z,ccosta,UEP/Base/x86/o-g/Base_g,MODIFY
ae8cd569e9aec63d1eab382070dca6702f6b6f0b,2007-09-28T17:19:15Z,ccosta,UEP/Base/x86/o/Base,MODIFY
ae8cd569e9aec63d1eab382070dca6702f6b6f0b,2007-09-28T17:19:15Z,ccosta,UEP/Base/x86/o/configs/ultimoensaio.dat,MODIFY
ae8cd569e9aec63d1eab382070dca6702f6b6f0b,2007-09-28T17:19:15Z,ccosta,UEP/Base/x86/o/consEng1RM,MODIFY
ae8cd569e9aec63d1eab382070dca6702f6b6f0b,2007-09-28T17:19:15Z,ccosta,UEP/RM/consEng1RM,MODIFY
ae8cd569e9aec63d1eab382070dca6702f6b6f0b,2007-09-28T17:19:15Z,ccosta,UEP/RM/consEng1RM.cc,MODIFY
2a7f4f32d4a16b444bf8d3efd8ede09dfe9482c8,2007-09-28T17:13:28Z,ccosta,EsoloQNX/Base/src/IHM/ParamCtrl.h,ADD
2a7f4f32d4a16b444bf8d3efd8ede09dfe9482c8,2007-09-28T17:13:28Z,ccosta,EsoloQNX/Base/src/ProcessadorTMTC/gerenteCom.cc,MODIFY
2a7f4f32d4a16b444bf8d3efd8ede09dfe9482c8,2007-09-28T17:13:28Z,ccosta,EsoloQNX/Base/src/ProcessadorTMTC/interfLogger.cc,MODIFY
2a7f4f32d4a16b444bf8d3efd8ede09dfe9482c8,2007-09-28T17:13:28Z,ccosta,EsoloQNX/Base/src/ProcessadorTMTC/interfUEP.cc,MODIFY
2a7f4f32d4a16b444bf8d3efd8ede09dfe9482c8,2007-09-28T17:13:28Z,ccosta,EsoloQNX/Base/src/ProcessadorTMTC/interfUEP.h,MODIFY
2a7f4f32d4a16b444bf8d3efd8ede09dfe9482c8,2007-09-28T17:13:28Z,ccosta,EsoloQNX/Base/src/ProcessadorTMTC/processadorTMTC,MODIFY
2a7f4f32d4a16b444bf8d3efd8ede09dfe9482c8,2007-09-28T17:13:28Z,ccosta,EsoloQNX/Base/x86/o-g/Base_g,MODIFY
2a7f4f32d4a16b444bf8d3efd8ede09dfe9482c8,2007-09-28T17:13:28Z,ccosta,EsoloQNX/Base/x86/o/Base,MODIFY
2a7f4f32d4a16b444bf8d3efd8ede09dfe9482c8,2007-09-28T17:13:28Z,ccosta,EsoloQNX/Base/x86/o/processadorTMTC,MODIFY
2a7f4f32d4a16b444bf8d3efd8ede09dfe9482c8,2007-09-28T17:13:28Z,ccosta,UAM/Apoio/CasoTeste1/testaRM,ADD
2a7f4f32d4a16b444bf8d3efd8ede09dfe9482c8,2007-09-28T17:13:28Z,ccosta,UAM/RM/consMapaRM.cc,MODIFY
ad3f06075bc4adc1f6d3a984dfbce9d18b678352,2007-09-28T13:11:24Z,ccosta,UEP/Base/src/Interface.cc,MODIFY
ad3f06075bc4adc1f6d3a984dfbce9d18b678352,2007-09-28T13:11:24Z,ccosta,UEP/Base/x86/o-g/Base_g,MODIFY
ad3f06075bc4adc1f6d3a984dfbce9d18b678352,2007-09-28T13:11:24Z,ccosta,UEP/Base/x86/o/Base,MODIFY
ad3f06075bc4adc1f6d3a984dfbce9d18b678352,2007-09-28T13:11:24Z,ccosta,UEP/Base/x86/o/configs/ultimoensaio.dat,MODIFY
ad3f06075bc4adc1f6d3a984dfbce9d18b678352,2007-09-28T13:11:24Z,ccosta,UEP/Base/x86/o/consEng1RM,MODIFY
ad3f06075bc4adc1f6d3a984dfbce9d18b678352,2007-09-28T13:11:24Z,ccosta,UEP/RM/comEsolo.h,MODIFY
ad3f06075bc4adc1f6d3a984dfbce9d18b678352,2007-09-28T13:11:24Z,ccosta,UEP/RM/consEng1RM,MODIFY
335ffc2331260077202b84e1a3d1262ad80d703e,2007-09-28T12:12:30Z,ccosta,EsoloQNX/Base/src/IHM/mensagens.h,MODIFY
335ffc2331260077202b84e1a3d1262ad80d703e,2007-09-28T12:12:30Z,ccosta,EsoloQNX/Base/src/ProcessadorLinkDados/processadorLinkDados,MODIFY
335ffc2331260077202b84e1a3d1262ad80d703e,2007-09-28T12:12:30Z,ccosta,EsoloQNX/Base/src/ProcessadorTMTC/gerenteCom.cc,MODIFY
335ffc2331260077202b84e1a3d1262ad80d703e,2007-09-28T12:12:30Z,ccosta,EsoloQNX/Base/src/ProcessadorTMTC/interfLogger.cc,MODIFY
335ffc2331260077202b84e1a3d1262ad80d703e,2007-09-28T12:12:30Z,ccosta,EsoloQNX/Base/src/ProcessadorTMTC/interfUEP.cc,MODIFY
335ffc2331260077202b84e1a3d1262ad80d703e,2007-09-28T12:12:30Z,ccosta,EsoloQNX/Base/src/ProcessadorTMTC/interfUEP.h,MODIFY
335ffc2331260077202b84e1a3d1262ad80d703e,2007-09-28T12:12:30Z,ccosta,EsoloQNX/Base/src/ProcessadorTMTC/processadorTMTC,MODIFY
335ffc2331260077202b84e1a3d1262ad80d703e,2007-09-28T12:12:30Z,ccosta,EsoloQNX/Base/x86/o-g/Base_g,MODIFY
335ffc2331260077202b84e1a3d1262ad80d703e,2007-09-28T12:12:30Z,ccosta,EsoloQNX/Base/x86/o/Base,MODIFY
335ffc2331260077202b84e1a3d1262ad80d703e,2007-09-28T12:12:30Z,ccosta,EsoloQNX/Base/x86/o/processadorLinkDados,MODIFY
335ffc2331260077202b84e1a3d1262ad80d703e,2007-09-28T12:12:30Z,ccosta,EsoloQNX/Base/x86/o/processadorTMTC,MODIFY
cc3e3ed8ebfce9455c148760e43d151e06a6303b,2007-09-21T14:32:57Z,ccosta,UCV/Base/src/IHM/ParamCtrl.h,ADD
cc3e3ed8ebfce9455c148760e43d151e06a6303b,2007-09-21T14:32:57Z,ccosta,UCV/Base/src/IHM/ihm.cc,MODIFY
cc3e3ed8ebfce9455c148760e43d151e06a6303b,2007-09-21T14:32:57Z,ccosta,UCV/Base/src/IHM/mensagens.h,MODIFY
cc3e3ed8ebfce9455c148760e43d151e06a6303b,2007-09-21T14:32:57Z,ccosta,UCV/Base/src/ProcessadorTMTC/gerenteCom.cc,MODIFY
cc3e3ed8ebfce9455c148760e43d151e06a6303b,2007-09-21T14:32:57Z,ccosta,UCV/Base/src/ProcessadorTMTC/gerenteCom.h,MODIFY
cc3e3ed8ebfce9455c148760e43d151e06a6303b,2007-09-21T14:32:57Z,ccosta,UCV/Base/src/ProcessadorTMTC/interfDatalink.cc,MODIFY
cc3e3ed8ebfce9455c148760e43d151e06a6303b,2007-09-21T14:32:57Z,ccosta,UCV/Base/src/ProcessadorTMTC/interfFlightGear.cc,MODIFY
cc3e3ed8ebfce9455c148760e43d151e06a6303b,2007-09-21T14:32:57Z,ccosta,UCV/Base/src/ProcessadorTMTC/interfLogger.cc,MODIFY
cc3e3ed8ebfce9455c148760e43d151e06a6303b,2007-09-21T14:32:57Z,ccosta,UCV/Base/src/ProcessadorTMTC/interfUAM.cc,MODIFY
cc3e3ed8ebfce9455c148760e43d151e06a6303b,2007-09-21T14:32:57Z,ccosta,UCV/Base/src/ProcessadorTMTC/interfUEP.cc,MODIFY
cc3e3ed8ebfce9455c148760e43d151e06a6303b,2007-09-21T14:32:57Z,ccosta,UCV/Base/src/ProcessadorTMTC/interfUEP.h,MODIFY
cc3e3ed8ebfce9455c148760e43d151e06a6303b,2007-09-21T14:32:57Z,ccosta,UCV/Base/src/ProcessadorTMTC/interfUVG.cc,MODIFY
cc3e3ed8ebfce9455c148760e43d151e06a6303b,2007-09-21T14:32:57Z,ccosta,UCV/Base/src/ProcessadorTMTC/interfUVG.h,MODIFY
cc3e3ed8ebfce9455c148760e43d151e06a6303b,2007-09-21T14:32:57Z,ccosta,UCV/Base/src/ProcessadorTMTC/processadorTMTC,ADD
cc3e3ed8ebfce9455c148760e43d151e06a6303b,2007-09-21T14:32:57Z,ccosta,UCV/Base/src/esoloqnx.cc,MODIFY
cc3e3ed8ebfce9455c148760e43d151e06a6303b,2007-09-21T14:32:57Z,ccosta,UCV/Base/x86/o-g/Base_g,ADD
cc3e3ed8ebfce9455c148760e43d151e06a6303b,2007-09-21T14:32:57Z,ccosta,UCV/Base/x86/o/Base,ADD
cc3e3ed8ebfce9455c148760e43d151e06a6303b,2007-09-21T14:32:57Z,ccosta,UCV/Base/x86/o/processadorTMTC,ADD
cc3e3ed8ebfce9455c148760e43d151e06a6303b,2007-09-21T14:32:57Z,ccosta,UCV/RM/JoystickQNX/joystickRM,ADD
94aeb28acc176d867c9094148c093274478b679e,2007-09-21T14:22:22Z,ccosta,UEP/Base/src/ConsEng1.cc,MODIFY
94aeb28acc176d867c9094148c093274478b679e,2007-09-21T14:22:22Z,ccosta,UEP/Base/src/GerenciadorTxt.cc,MODIFY
94aeb28acc176d867c9094148c093274478b679e,2007-09-21T14:22:22Z,ccosta,UEP/Base/x86/o-g/Base_g,MODIFY
94aeb28acc176d867c9094148c093274478b679e,2007-09-21T14:22:22Z,ccosta,UEP/Base/x86/o/Base,MODIFY
94aeb28acc176d867c9094148c093274478b679e,2007-09-21T14:22:22Z,ccosta,UEP/Base/x86/o/configs/ultimoensaio.dat,MODIFY
94aeb28acc176d867c9094148c093274478b679e,2007-09-21T14:22:22Z,ccosta,UEP/RM/consEng1RM.cc,MODIFY
b49394dc4f32e4c6579e69db3467e4253d2ca5d8,2007-09-21T11:13:26Z,ccosta,UEP/Apoio/CasoTeste1/testaRM,MODIFY
b49394dc4f32e4c6579e69db3467e4253d2ca5d8,2007-09-21T11:13:26Z,ccosta,UEP/Apoio/CasoTeste1/testaRM.cc,MODIFY
b49394dc4f32e4c6579e69db3467e4253d2ca5d8,2007-09-21T11:13:26Z,ccosta,UEP/Base/abapp.dfn,MODIFY
b49394dc4f32e4c6579e69db3467e4253d2ca5d8,2007-09-21T11:13:26Z,ccosta,UEP/Base/abapp.wsp,MODIFY
b49394dc4f32e4c6579e69db3467e4253d2ca5d8,2007-09-21T11:13:26Z,ccosta,UEP/Base/src/ConsEng1.cc,MODIFY
b49394dc4f32e4c6579e69db3467e4253d2ca5d8,2007-09-21T11:13:26Z,ccosta,UEP/Base/src/Controlador.cc,MODIFY
b49394dc4f32e4c6579e69db3467e4253d2ca5d8,2007-09-21T11:13:26Z,ccosta,UEP/Base/src/Controlador.h,MODIFY
b49394dc4f32e4c6579e69db3467e4253d2ca5d8,2007-09-21T11:13:26Z,ccosta,UEP/Base/src/GerenciadorTxt.cc,MODIFY
b49394dc4f32e4c6579e69db3467e4253d2ca5d8,2007-09-21T11:13:26Z,ccosta,UEP/Base/src/GerenciadorTxt.h,MODIFY
b49394dc4f32e4c6579e69db3467e4253d2ca5d8,2007-09-21T11:13:26Z,ccosta,UEP/Base/wgt/base.wgtw,MODIFY
b49394dc4f32e4c6579e69db3467e4253d2ca5d8,2007-09-21T11:13:26Z,ccosta,UEP/Base/x86/o-g/Base_g,ADD
b49394dc4f32e4c6579e69db3467e4253d2ca5d8,2007-09-21T11:13:26Z,ccosta,UEP/Base/x86/o/Base,ADD
b49394dc4f32e4c6579e69db3467e4253d2ca5d8,2007-09-21T11:13:26Z,ccosta,UEP/Base/x86/o/configs/ensaio03.dat,MODIFY
b49394dc4f32e4c6579e69db3467e4253d2ca5d8,2007-09-21T11:13:26Z,ccosta,UEP/Base/x86/o/configs/ultimoensaio.dat,MODIFY
b49394dc4f32e4c6579e69db3467e4253d2ca5d8,2007-09-21T11:13:26Z,ccosta,UEP/Base/x86/o/consEng1RM,MODIFY
b49394dc4f32e4c6579e69db3467e4253d2ca5d8,2007-09-21T11:13:26Z,ccosta,UEP/Makefile,ADD
b49394dc4f32e4c6579e69db3467e4253d2ca5d8,2007-09-21T11:13:26Z,ccosta,UEP/RM/comEsolo.h,MODIFY
b49394dc4f32e4c6579e69db3467e4253d2ca5d8,2007-09-21T11:13:26Z,ccosta,UEP/RM/consEng1RM,MODIFY
b49394dc4f32e4c6579e69db3467e4253d2ca5d8,2007-09-21T11:13:26Z,ccosta,UEP/RM/consEng1RM.cc,MODIFY
b49394dc4f32e4c6579e69db3467e4253d2ca5d8,2007-09-21T11:13:26Z,ccosta,UEP/RM/mensagens.h,ADD
b49394dc4f32e4c6579e69db3467e4253d2ca5d8,2007-09-21T11:13:26Z,ccosta,UEP/ambiente.sh,ADD
5159909e2649a9b6eb30f3eab399b54541d89adb,2007-09-21T10:55:12Z,ccosta,UVG/Apoio/CasoTeste1/testaRM,ADD
5159909e2649a9b6eb30f3eab399b54541d89adb,2007-09-21T10:55:12Z,ccosta,UVG/Base/abapp.dfn,MODIFY
5159909e2649a9b6eb30f3eab399b54541d89adb,2007-09-21T10:55:12Z,ccosta,UVG/Base/abapp.wsp,MODIFY
5159909e2649a9b6eb30f3eab399b54541d89adb,2007-09-21T10:55:12Z,ccosta,UVG/Base/src/ConsEng2.cc,MODIFY
5159909e2649a9b6eb30f3eab399b54541d89adb,2007-09-21T10:55:12Z,ccosta,UVG/Base/src/GerenciadorGrf.cc,MODIFY
5159909e2649a9b6eb30f3eab399b54541d89adb,2007-09-21T10:55:12Z,ccosta,UVG/Base/src/GerenciadorGrf.h,MODIFY
5159909e2649a9b6eb30f3eab399b54541d89adb,2007-09-21T10:55:12Z,ccosta,UVG/Base/src/NomeGrafico.h,MODIFY
5159909e2649a9b6eb30f3eab399b54541d89adb,2007-09-21T10:55:12Z,ccosta,UVG/Base/src/TabSelecao.cc,MODIFY
5159909e2649a9b6eb30f3eab399b54541d89adb,2007-09-21T10:55:12Z,ccosta,UVG/Base/src/relogio.cc,MODIFY
5159909e2649a9b6eb30f3eab399b54541d89adb,2007-09-21T10:55:12Z,ccosta,UVG/Base/x86/o-g/Base_g,ADD
5159909e2649a9b6eb30f3eab399b54541d89adb,2007-09-21T10:55:12Z,ccosta,UVG/Base/x86/o/Base,ADD
5159909e2649a9b6eb30f3eab399b54541d89adb,2007-09-21T10:55:12Z,ccosta,UVG/Base/x86/o/consEng2RM,ADD
5159909e2649a9b6eb30f3eab399b54541d89adb,2007-09-21T10:55:12Z,ccosta,UVG/Base/x86/o/tabelaAloc.dat,MODIFY
5159909e2649a9b6eb30f3eab399b54541d89adb,2007-09-21T10:55:12Z,ccosta,UVG/RM/consEng2RM,ADD
5159909e2649a9b6eb30f3eab399b54541d89adb,2007-09-21T10:55:12Z,ccosta,UVG/RM/consEng2RM.cc,MODIFY
5159909e2649a9b6eb30f3eab399b54541d89adb,2007-09-21T10:55:12Z,ccosta,UVG/RM/mensagens.h,MODIFY
5159909e2649a9b6eb30f3eab399b54541d89adb,2007-09-21T10:55:12Z,ccosta,UVG/x.sh,ADD
90dee5927fd42d02e369af5207772f6fdc1117cb,2007-09-21T10:39:21Z,ccosta,EsoloQNX/Base/src/ProcessadorLinkDados/processadorLinkDados,ADD
90dee5927fd42d02e369af5207772f6fdc1117cb,2007-09-21T10:39:21Z,ccosta,EsoloQNX/Base/src/ProcessadorTMTC/interfLogger.cc,ADD
90dee5927fd42d02e369af5207772f6fdc1117cb,2007-09-21T10:39:21Z,ccosta,EsoloQNX/Base/src/ProcessadorTMTC/interfLogger.h,ADD
90dee5927fd42d02e369af5207772f6fdc1117cb,2007-09-21T10:39:21Z,ccosta,EsoloQNX/Base/src/ProcessadorTMTC/interfUAM.cc,ADD
90dee5927fd42d02e369af5207772f6fdc1117cb,2007-09-21T10:39:21Z,ccosta,EsoloQNX/Base/src/ProcessadorTMTC/interfUAM.h,ADD
90dee5927fd42d02e369af5207772f6fdc1117cb,2007-09-21T10:39:21Z,ccosta,EsoloQNX/Base/src/ProcessadorTMTC/interfUEP.cc,ADD
90dee5927fd42d02e369af5207772f6fdc1117cb,2007-09-21T10:39:21Z,ccosta,EsoloQNX/Base/src/ProcessadorTMTC/interfUEP.h,ADD
90dee5927fd42d02e369af5207772f6fdc1117cb,2007-09-21T10:39:21Z,ccosta,EsoloQNX/Base/src/ProcessadorTMTC/interfUVG.cc,ADD
90dee5927fd42d02e369af5207772f6fdc1117cb,2007-09-21T10:39:21Z,ccosta,EsoloQNX/Base/src/ProcessadorTMTC/interfUVG.h,ADD
90dee5927fd42d02e369af5207772f6fdc1117cb,2007-09-21T10:39:21Z,ccosta,EsoloQNX/Base/src/ProcessadorTMTC/processadorTMTC,ADD
90dee5927fd42d02e369af5207772f6fdc1117cb,2007-09-21T10:39:21Z,ccosta,EsoloQNX/Base/wgt/janDefNomeArq.wgtd,ADD
90dee5927fd42d02e369af5207772f6fdc1117cb,2007-09-21T10:39:21Z,ccosta,EsoloQNX/Base/x86/o-g/Base_g,ADD
90dee5927fd42d02e369af5207772f6fdc1117cb,2007-09-21T10:39:21Z,ccosta,EsoloQNX/Base/x86/o/Base,ADD
90dee5927fd42d02e369af5207772f6fdc1117cb,2007-09-21T10:39:21Z,ccosta,EsoloQNX/Base/x86/o/processadorLinkDados,ADD
90dee5927fd42d02e369af5207772f6fdc1117cb,2007-09-21T10:39:21Z,ccosta,EsoloQNX/Base/x86/o/processadorTMTC,ADD
90dee5927fd42d02e369af5207772f6fdc1117cb,2007-09-21T10:39:21Z,ccosta,EsoloQNX/RM/JoystickQNX/joystickRM,ADD
90dee5927fd42d02e369af5207772f6fdc1117cb,2007-09-21T10:39:21Z,ccosta,EsoloQNX/RM/TCPIP/clienteTcpIp,ADD
90dee5927fd42d02e369af5207772f6fdc1117cb,2007-09-21T10:39:21Z,ccosta,EsoloQNX/RM/TCPIP/servidorTcpIp,ADD
4787bd44160258a950d8153f3e4f4f3ea92ca760,2007-09-21T10:02:00Z,ccosta,EsoloQNX/Base/src/IHM/mensagens.h,MODIFY
4787bd44160258a950d8153f3e4f4f3ea92ca760,2007-09-21T10:02:00Z,ccosta,EsoloQNX/Base/src/ProcessadorTMTC/gerenteCom.cc,MODIFY
4787bd44160258a950d8153f3e4f4f3ea92ca760,2007-09-21T10:02:00Z,ccosta,EsoloQNX/Base/src/ProcessadorTMTC/gerenteCom.h,MODIFY
4787bd44160258a950d8153f3e4f4f3ea92ca760,2007-09-21T10:02:00Z,ccosta,EsoloQNX/ambiente.sh,MODIFY
4787bd44160258a950d8153f3e4f4f3ea92ca760,2007-09-21T10:02:00Z,ccosta,UAM/Base/abapp.dfn,MODIFY
4787bd44160258a950d8153f3e4f4f3ea92ca760,2007-09-21T10:02:00Z,ccosta,UAM/Base/abapp.wsp,MODIFY
4787bd44160258a950d8153f3e4f4f3ea92ca760,2007-09-21T10:02:00Z,ccosta,UAM/Base/src/processadorMapa.cc,MODIFY
4787bd44160258a950d8153f3e4f4f3ea92ca760,2007-09-21T10:02:00Z,ccosta,UAM/Base/src/simbolo.cc,MODIFY
4787bd44160258a950d8153f3e4f4f3ea92ca760,2007-09-21T10:02:00Z,ccosta,UAM/Base/src/veiculoAereo.cc,MODIFY
4787bd44160258a950d8153f3e4f4f3ea92ca760,2007-09-21T10:02:00Z,ccosta,UAM/RM/consMapaRM.cc,MODIFY
4787bd44160258a950d8153f3e4f4f3ea92ca760,2007-09-21T10:02:00Z,ccosta,UAM/ambiente.sh,MODIFY
f5a5fa3f60f9e7d95039e3a9187757bc67208f84,2007-09-13T13:59:19Z,ccosta,EsoloQNX/Base/abapp.dfn,MODIFY
f5a5fa3f60f9e7d95039e3a9187757bc67208f84,2007-09-13T13:59:19Z,ccosta,EsoloQNX/Base/abapp.wsp,MODIFY
f5a5fa3f60f9e7d95039e3a9187757bc67208f84,2007-09-13T13:59:19Z,ccosta,EsoloQNX/Base/src/IHM/mensagens.h,MODIFY
f5a5fa3f60f9e7d95039e3a9187757bc67208f84,2007-09-13T13:59:19Z,ccosta,EsoloQNX/Base/src/ProcessadorTMTC/gerenteCom.cc,MODIFY
f5a5fa3f60f9e7d95039e3a9187757bc67208f84,2007-09-13T13:59:19Z,ccosta,UAM/Base/abapp.dfn,MODIFY
f5a5fa3f60f9e7d95039e3a9187757bc67208f84,2007-09-13T13:59:19Z,ccosta,UAM/Base/abapp.wsp,MODIFY
f5a5fa3f60f9e7d95039e3a9187757bc67208f84,2007-09-13T13:59:19Z,ccosta,UAM/RM/mensagens.h,MODIFY
2e1396b8188ac9b1a93bda0d56ff2da444ecf100,2007-09-12T19:48:30Z,ccosta,UVG/Base/abapp.dfn,MODIFY
2e1396b8188ac9b1a93bda0d56ff2da444ecf100,2007-09-12T19:48:30Z,ccosta,UVG/Base/abapp.wsp,MODIFY
2e1396b8188ac9b1a93bda0d56ff2da444ecf100,2007-09-12T19:48:30Z,ccosta,UVG/RM/consEng2RM.cc,MODIFY
87ec7c54de86de10cba85e8a34bbbadf09606876,2007-09-12T18:29:09Z,ccosta,UVG/RM/consEng2RM.cc,MODIFY
87ec7c54de86de10cba85e8a34bbbadf09606876,2007-09-12T18:29:09Z,ccosta,UVG/RM/mensagens.h,MODIFY
ff1d8b7c94b4251094461f120ea40fb3fd68c8e7,2007-09-12T17:25:06Z,ccosta,ConsEng1/RM/Makefile,ADD
ff1d8b7c94b4251094461f120ea40fb3fd68c8e7,2007-09-12T17:25:06Z,ccosta,ConsEng1/RM/comEsolo.h,ADD
ff1d8b7c94b4251094461f120ea40fb3fd68c8e7,2007-09-12T17:25:06Z,ccosta,ConsEng1/RM/consEng1RM,ADD
ff1d8b7c94b4251094461f120ea40fb3fd68c8e7,2007-09-12T17:25:06Z,ccosta,ConsEng1/RM/consEng1RM.cc,ADD
ff1d8b7c94b4251094461f120ea40fb3fd68c8e7,2007-09-12T17:25:06Z,ccosta,ConsEng1/RM/consEng1RM.h,ADD
ff1d8b7c94b4251094461f120ea40fb3fd68c8e7,2007-09-12T17:25:06Z,ccosta,UVG/Base/abapp.wsp,MODIFY
ff1d8b7c94b4251094461f120ea40fb3fd68c8e7,2007-09-12T17:25:06Z,ccosta,UVG/RM/consEng2RM.cc,MODIFY
ff1d8b7c94b4251094461f120ea40fb3fd68c8e7,2007-09-12T17:25:06Z,ccosta,UVG/RM/mensagens.h,MODIFY
049383834160483a584097386963be7a076fec36,2007-09-12T13:32:26Z,ccosta,UVG/Base/abapp.dfn,MODIFY
049383834160483a584097386963be7a076fec36,2007-09-12T13:32:26Z,ccosta,UVG/Base/abapp.wsp,MODIFY
049383834160483a584097386963be7a076fec36,2007-09-12T13:32:26Z,ccosta,UVG/Base/src/ConsEng2.cc,MODIFY
049383834160483a584097386963be7a076fec36,2007-09-12T13:32:26Z,ccosta,UVG/Base/src/GerenciadorGrf.cc,MODIFY
049383834160483a584097386963be7a076fec36,2007-09-12T13:32:26Z,ccosta,UVG/Base/src/GerenciadorGrf.h,MODIFY
049383834160483a584097386963be7a076fec36,2007-09-12T13:32:26Z,ccosta,UVG/Base/src/NomeGrafico.h,MODIFY
049383834160483a584097386963be7a076fec36,2007-09-12T13:32:26Z,ccosta,UVG/Base/src/TabSelecao.cc,MODIFY
049383834160483a584097386963be7a076fec36,2007-09-12T13:32:26Z,ccosta,UVG/Base/src/relogio.cc,MODIFY
049383834160483a584097386963be7a076fec36,2007-09-12T13:32:26Z,ccosta,UVG/Base/x86/o/tabelaAloc.dat,MODIFY
049383834160483a584097386963be7a076fec36,2007-09-12T13:32:26Z,ccosta,UVG/RM/consEng2RM.cc,MODIFY
049383834160483a584097386963be7a076fec36,2007-09-12T13:32:26Z,ccosta,UVG/RM/mensagens.h,MODIFY
c26f02d15419baba6afe96a267dc3b6ae1204000,2007-09-11T16:33:18Z,ccosta,UAM/RM/consMapaRM.cc,MODIFY
c26f02d15419baba6afe96a267dc3b6ae1204000,2007-09-11T16:33:18Z,ccosta,UAM/RM/consMapaRM.h,MODIFY
e40a63ccc57d068ebccd9b4d5bd2b3e1a3f4019f,2007-09-11T14:34:06Z,ccosta,EsoloQNX/Base/abapp.dfn,MODIFY
e40a63ccc57d068ebccd9b4d5bd2b3e1a3f4019f,2007-09-11T14:34:06Z,ccosta,EsoloQNX/Base/abapp.wsp,MODIFY
e40a63ccc57d068ebccd9b4d5bd2b3e1a3f4019f,2007-09-11T14:34:06Z,ccosta,EsoloQNX/Base/src/IHM/ihm.cc,MODIFY
e40a63ccc57d068ebccd9b4d5bd2b3e1a3f4019f,2007-09-11T14:34:06Z,ccosta,EsoloQNX/Base/src/IHM/mensagens.h,MODIFY
e40a63ccc57d068ebccd9b4d5bd2b3e1a3f4019f,2007-09-11T14:34:06Z,ccosta,EsoloQNX/Base/src/IHM/procTMTC.cc,MODIFY
e40a63ccc57d068ebccd9b4d5bd2b3e1a3f4019f,2007-09-11T14:34:06Z,ccosta,EsoloQNX/Base/src/IHM/procTMTC.h,MODIFY
e40a63ccc57d068ebccd9b4d5bd2b3e1a3f4019f,2007-09-11T14:34:06Z,ccosta,EsoloQNX/Base/src/MFD/bussola.cc,MODIFY
e40a63ccc57d068ebccd9b4d5bd2b3e1a3f4019f,2007-09-11T14:34:06Z,ccosta,EsoloQNX/Base/src/MFD/indVelocVert.cc,MODIFY
e40a63ccc57d068ebccd9b4d5bd2b3e1a3f4019f,2007-09-11T14:34:06Z,ccosta,EsoloQNX/Base/src/MFD/indVertical.cc,MODIFY
e40a63ccc57d068ebccd9b4d5bd2b3e1a3f4019f,2007-09-11T14:34:06Z,ccosta,EsoloQNX/Base/src/ProcessadorTMTC/Makefile,MODIFY
e40a63ccc57d068ebccd9b4d5bd2b3e1a3f4019f,2007-09-11T14:34:06Z,ccosta,EsoloQNX/Base/src/ProcessadorTMTC/gerenteCom.cc,MODIFY
e40a63ccc57d068ebccd9b4d5bd2b3e1a3f4019f,2007-09-11T14:34:06Z,ccosta,EsoloQNX/Base/src/ProcessadorTMTC/gerenteCom.h,MODIFY
e40a63ccc57d068ebccd9b4d5bd2b3e1a3f4019f,2007-09-11T14:34:06Z,ccosta,EsoloQNX/Base/src/ProcessadorTMTC/interfDatalink.cc,MODIFY
e40a63ccc57d068ebccd9b4d5bd2b3e1a3f4019f,2007-09-11T14:34:06Z,ccosta,EsoloQNX/Base/src/ProcessadorTMTC/interfFlightGear.cc,MODIFY
e40a63ccc57d068ebccd9b4d5bd2b3e1a3f4019f,2007-09-11T14:34:06Z,ccosta,EsoloQNX/Base/src/ProcessadorTMTC/interfFlightGear.h,MODIFY
e40a63ccc57d068ebccd9b4d5bd2b3e1a3f4019f,2007-09-11T14:34:06Z,ccosta,EsoloQNX/Base/src/ProcessadorTMTC/interfIHM.cc,MODIFY
e40a63ccc57d068ebccd9b4d5bd2b3e1a3f4019f,2007-09-11T14:34:06Z,ccosta,EsoloQNX/Base/src/ProcessadorTMTC/interfIHM.h,MODIFY
e40a63ccc57d068ebccd9b4d5bd2b3e1a3f4019f,2007-09-11T14:34:06Z,ccosta,EsoloQNX/Base/src/ProcessadorTMTC/interfJoystick.cc,MODIFY
e40a63ccc57d068ebccd9b4d5bd2b3e1a3f4019f,2007-09-11T14:34:06Z,ccosta,EsoloQNX/Base/src/ProcessadorTMTC/interfJoystick.h,MODIFY
e40a63ccc57d068ebccd9b4d5bd2b3e1a3f4019f,2007-09-11T14:34:06Z,ccosta,EsoloQNX/Base/src/abWfiles,MODIFY
e40a63ccc57d068ebccd9b4d5bd2b3e1a3f4019f,2007-09-11T14:34:06Z,ccosta,EsoloQNX/Base/src/abdefine.h,MODIFY
e40a63ccc57d068ebccd9b4d5bd2b3e1a3f4019f,2007-09-11T14:34:06Z,ccosta,EsoloQNX/Base/src/abevents.h,MODIFY
e40a63ccc57d068ebccd9b4d5bd2b3e1a3f4019f,2007-09-11T14:34:06Z,ccosta,EsoloQNX/Base/src/abimport.h,MODIFY
e40a63ccc57d068ebccd9b4d5bd2b3e1a3f4019f,2007-09-11T14:34:06Z,ccosta,EsoloQNX/Base/src/ablinks.h,MODIFY
e40a63ccc57d068ebccd9b4d5bd2b3e1a3f4019f,2007-09-11T14:34:06Z,ccosta,EsoloQNX/Base/src/abmain.cc,MODIFY
e40a63ccc57d068ebccd9b4d5bd2b3e1a3f4019f,2007-09-11T14:34:06Z,ccosta,EsoloQNX/Base/src/abvars.h,MODIFY
e40a63ccc57d068ebccd9b4d5bd2b3e1a3f4019f,2007-09-11T14:34:06Z,ccosta,EsoloQNX/Base/src/abwidgets.h,MODIFY
e40a63ccc57d068ebccd9b4d5bd2b3e1a3f4019f,2007-09-11T14:34:06Z,ccosta,EsoloQNX/Base/src/esoloqnx.cc,MODIFY
e40a63ccc57d068ebccd9b4d5bd2b3e1a3f4019f,2007-09-11T14:34:06Z,ccosta,EsoloQNX/Base/src/proto.h,MODIFY
e40a63ccc57d068ebccd9b4d5bd2b3e1a3f4019f,2007-09-11T14:34:06Z,ccosta,EsoloQNX/Base/wgt/AjustaRelogio.wgtd,MODIFY
e40a63ccc57d068ebccd9b4d5bd2b3e1a3f4019f,2007-09-11T14:34:06Z,ccosta,EsoloQNX/Base/wgt/ConfigRadio.wgtd,MODIFY
e40a63ccc57d068ebccd9b4d5bd2b3e1a3f4019f,2007-09-11T14:34:06Z,ccosta,EsoloQNX/Base/wgt/EsoloQNX.wgtw,MODIFY
e40a63ccc57d068ebccd9b4d5bd2b3e1a3f4019f,2007-09-11T14:34:06Z,ccosta,EsoloQNX/Makefile,MODIFY
e40a63ccc57d068ebccd9b4d5bd2b3e1a3f4019f,2007-09-11T14:34:06Z,ccosta,EsoloQNX/ambiente.sh,MODIFY
e40a63ccc57d068ebccd9b4d5bd2b3e1a3f4019f,2007-09-11T14:34:06Z,ccosta,UAM/Base/abapp.dfn,MODIFY
e40a63ccc57d068ebccd9b4d5bd2b3e1a3f4019f,2007-09-11T14:34:06Z,ccosta,UAM/Base/abapp.wsp,MODIFY
e40a63ccc57d068ebccd9b4d5bd2b3e1a3f4019f,2007-09-11T14:34:06Z,ccosta,UAM/Base/src/ConsMapa.cc,MODIFY
e40a63ccc57d068ebccd9b4d5bd2b3e1a3f4019f,2007-09-11T14:34:06Z,ccosta,UAM/Base/src/gerenciadorWayPoint.cc,MODIFY
e40a63ccc57d068ebccd9b4d5bd2b3e1a3f4019f,2007-09-11T14:34:06Z,ccosta,UAM/Base/src/processadorMapa.cc,MODIFY
e40a63ccc57d068ebccd9b4d5bd2b3e1a3f4019f,2007-09-11T14:34:06Z,ccosta,UAM/Base/src/processadorMapa.h,MODIFY
e40a63ccc57d068ebccd9b4d5bd2b3e1a3f4019f,2007-09-11T14:34:06Z,ccosta,UAM/RM/consMapaRM.cc,MODIFY
a2367256a5fb48af41e27a82304888071a006366,2007-06-25T12:15:57Z,ccosta,ConsEng1/Base/src/AutoPiloto.cc,MODIFY
0f78f83324781a0f1801f986399d5785bf98db8c,2007-06-22T18:51:35Z,ccosta,ConsEng1/Base/src/ConsEng1.cc,MODIFY
0f78f83324781a0f1801f986399d5785bf98db8c,2007-06-22T18:51:35Z,ccosta,ConsEng1/Base/src/Controlador.cc,MODIFY
0f78f83324781a0f1801f986399d5785bf98db8c,2007-06-22T18:51:35Z,ccosta,ConsEng1/Base/src/EntradaAutopiloto.cc,MODIFY
0f78f83324781a0f1801f986399d5785bf98db8c,2007-06-22T18:51:35Z,ccosta,ConsEng1/Base/src/EntradaAutopiloto.h,MODIFY
0f78f83324781a0f1801f986399d5785bf98db8c,2007-06-22T18:51:35Z,ccosta,ConsEng1/Base/src/GerenciadorTxt.cc,MODIFY
0f78f83324781a0f1801f986399d5785bf98db8c,2007-06-22T18:51:35Z,ccosta,ConsEng1/Base/src/Interface.cc,MODIFY
0f78f83324781a0f1801f986399d5785bf98db8c,2007-06-22T18:51:35Z,ccosta,ConsEng1/Base/src/abdefine.h,MODIFY
497c446d9990e14eb09fdc3f4a40a848a894a68f,2007-06-22T17:12:18Z,ccosta,ConsEng1/Base/src/AutoPiloto.cc,MODIFY
497c446d9990e14eb09fdc3f4a40a848a894a68f,2007-06-22T17:12:18Z,ccosta,ConsEng1/Base/src/AutoPiloto.h,MODIFY
